card_id;account_id;client_id;disp_type;district_id;district_name;card_type;issued
184;904;1089;OWNER;1;Hl.m. Praha;gold;97:06:03
90;417;503;OWNER;73;Opava;classic;97:06:04
597;3153;3813;OWNER;2;Benesov;junior;97:06:06
471;2515;3037;OWNER;64;Zlin;classic;97:06:09
494;2629;3173;OWNER;66;Zdar nad Sazavou;classic;97:06:10
211;1058;1271;OWNER;47;Pardubice;classic;97:06:10
353;1862;2259;OWNER;19;Prachatice;classic;97:06:11
213;1074;1289;OWNER;59;Kromeriz;gold;97:06:11
1009;7859;9717;OWNER;52;Usti nad Orlici;gold;97:06:14
297;1552;1883;OWNER;18;Pisek;classic;97:06:15
801;4715;5684;OWNER;8;Mlada Boleslav;classic;97:06:15
748;4086;4923;OWNER;66;Zdar nad Sazavou;classic;97:06:16
133;618;742;OWNER;1;Hl.m. Praha;classic;97:06:16
316;1660;2013;OWNER;1;Hl.m. Praha;classic;97:06:17
145;683;819;OWNER;74;Ostrava - mesto;classic;97:06:17
270;1431;1736;OWNER;41;Usti nad Labem;junior;97:06:17
1178;10445;12850;OWNER;72;Olomouc;classic;97:06:19
222;1121;1345;OWNER;32;Ceska Lipa;classic;97:06:19
241;1210;1461;OWNER;28;Plzen - sever;classic;97:06:20
280;1480;1793;OWNER;41;Usti nad Labem;classic;97:06:22
675;3628;4376;OWNER;70;Karvina;classic;97:06:23
108;497;597;OWNER;55;Brno - venkov;classic;97:06:25
1196;10663;13113;OWNER;11;Praha - zapad;classic;97:06:27
287;1500;1819;OWNER;43;Hradec Kralove;junior;97:06:28
443;2321;2808;OWNER;35;Jablonec n. Nisou;classic;97:06:29
1138;9859;12133;OWNER;27;Plzen - jih;classic;97:06:29
733;3949;4764;OWNER;54;Brno - mesto;junior;97:06:30
