card_id;account_id;client_id;disp_type;district_id;district_name;card_type;issued
1087;9093;11195;OWNER;47;Pardubice;classic;96:10:06
854;5593;6753;OWNER;15;Cesky Krumlov;classic;96:10:07
601;3167;3830;OWNER;18;Pisek;classic;96:10:08
99;456;548;OWNER;49;Semily;gold;96:10:09
547;2877;3477;OWNER;37;Litomerice;classic;96:10:11
40;212;255;OWNER;27;Plzen - jih;classic;96:10:13
220;1112;1333;OWNER;48;Rychnov nad Kneznou;classic;96:10:13
390;2052;2490;OWNER;61;Trebic;classic;96:10:14
776;4368;5263;OWNER;1;Hl.m. Praha;classic;96:10:19
197;998;1202;OWNER;47;Pardubice;junior;96:10:21
516;2716;3279;OWNER;66;Zdar nad Sazavou;classic;96:10:25
381;2009;2440;OWNER;17;Pelhrimov;classic;96:10:27
1010;7861;9721;OWNER;34;Chomutov;classic;96:10:27
813;4863;5873;OWNER;5;Kolin;junior;96:10:28
272;1446;1754;OWNER;57;Hodonin;junior;96:10:28
772;4352;5243;OWNER;2;Benesov;classic;96:10:30
528;2779;3356;OWNER;73;Opava;classic;96:10:31
