card_id;account_id;client_id;disp_type;district_id;district_name;card_type;issued
142;675;810;OWNER;58;Jihlava;classic;98:07:01
991;7637;9457;OWNER;46;Nachod;junior;98:07:01
1192;10607;13044;OWNER;52;Usti nad Orlici;classic;98:07:02
738;3988;4808;OWNER;23;Cheb;junior;98:07:02
627;3302;3994;OWNER;21;Tabor;classic;98:07:05
696;3743;4516;OWNER;1;Hl.m. Praha;classic;98:07:05
260;1335;1616;OWNER;54;Brno - mesto;classic;98:07:05
768;4336;5223;OWNER;2;Benesov;classic;98:07:06
233;1178;1418;OWNER;41;Usti nad Labem;classic;98:07:07
450;2385;2880;OWNER;60;Prostejov;classic;98:07:07
440;2298;2782;OWNER;31;Tachov;classic;98:07:07
301;1567;1899;OWNER;10;Praha - vychod;classic;98:07:07
485;2588;3124;OWNER;5;Kolin;classic;98:07:08
567;2990;3611;OWNER;30;Sokolov;classic;98:07:08
66;348;425;OWNER;25;Klatovy;classic;98:07:08
1002;7733;9569;OWNER;19;Prachatice;classic;98:07:09
453;2410;2911;OWNER;54;Brno - mesto;gold;98:07:12
277;1466;1777;OWNER;69;Jesenik;gold;98:07:12
571;3003;3627;OWNER;18;Pisek;junior;98:07:13
687;3708;4471;OWNER;64;Zlin;classic;98:07:14
640;3404;4115;OWNER;33;Decin;classic;98:07:14
39;211;254;OWNER;28;Plzen - sever;classic;98:07:14
435;2263;2740;OWNER;36;Liberec;classic;98:07:15
411;2126;2572;OWNER;1;Hl.m. Praha;classic;98:07:15
548;2897;3501;OWNER;51;Trutnov;classic;98:07:16
1167;10280;12643;OWNER;69;Jesenik;classic;98:07:18
727;3917;4723;OWNER;1;Hl.m. Praha;classic;98:07:19
603;3185;3850;OWNER;45;Jicin;classic;98:07:20
496;2637;3183;OWNER;70;Karvina;junior;98:07:21
73;371;451;OWNER;12;Pribram;junior;98:07:21
146;685;822;OWNER;37;Litomerice;classic;98:07:23
439;2296;2779;OWNER;29;Rokycany;classic;98:07:23
613;3235;3913;OWNER;8;Mlada Boleslav;classic;98:07:23
323;1700;2065;OWNER;64;Zlin;junior;98:07:24
623;3293;3984;OWNER;1;Hl.m. Praha;classic;98:07:25
530;2783;3360;OWNER;43;Hradec Kralove;classic;98:07:25
396;2069;2508;OWNER;72;Olomouc;classic;98:07:26
1076;8856;10912;OWNER;15;Cesky Krumlov;gold;98:07:27
344;1789;2168;OWNER;46;Nachod;classic;98:07:27
525;2764;3337;OWNER;53;Blansko;classic;98:07:27
42;219;264;OWNER;28;Plzen - sever;junior;98:07:28
740;4000;4823;OWNER;7;Melnik;junior;98:07:28
780;4423;5333;OWNER;39;Most;classic;98:07:29
509;2695;3253;OWNER;16;Jindrichuv Hradec;gold;98:07:30
308;1599;1938;OWNER;57;Hodonin;classic;98:07:30
618;3262;3947;OWNER;23;Cheb;classic;98:07:31
209;1043;1251;OWNER;1;Hl.m. Praha;classic;98:07:31
