card_id;account_id;client_id;disp_type;district_id;district_name;card_type;issued
294;1535;1861;OWNER;46;Nachod;classic;96:12:04
10;66;77;OWNER;48;Rychnov nad Kneznou;classic;96:12:07
710;3807;4588;OWNER;53;Blansko;junior;96:12:10
408;2116;2560;OWNER;70;Karvina;classic;96:12:10
363;1914;2324;OWNER;27;Plzen - jih;junior;96:12:11
697;3745;4518;OWNER;5;Kolin;classic;96:12:11
433;2250;2724;OWNER;35;Jablonec n. Nisou;classic;96:12:12
642;3422;4137;OWNER;21;Tabor;classic;96:12:13
243;1225;1478;OWNER;4;Kladno;classic;96:12:13
162;807;967;OWNER;76;Sumperk;junior;96:12:23
594;3138;3794;OWNER;37;Litomerice;junior;96:12:27
609;3219;3893;OWNER;1;Hl.m. Praha;classic;96:12:29
1111;9422;11596;OWNER;70;Karvina;classic;96:12:31
786;4543;5478;OWNER;33;Decin;classic;96:12:31
