card_id;account_id;client_id;disp_type;district_id;district_name;card_type;issued
83;399;483;OWNER;1;Hl.m. Praha;classic;98:01:05
593;3131;3787;OWNER;21;Tabor;junior;98:01:06
481;2571;3102;OWNER;61;Trebic;junior;98:01:06
304;1580;1913;OWNER;69;Jesenik;classic;98:01:06
149;716;858;OWNER;47;Pardubice;classic;98:01:07
659;3527;4258;OWNER;44;Chrudim;classic;98:01:08
517;2725;3291;OWNER;52;Usti nad Orlici;classic;98:01:09
368;1943;2361;OWNER;9;Nymburk;classic;98:01:10
482;2573;3104;OWNER;4;Kladno;junior;98:01:13
689;3710;4473;OWNER;1;Hl.m. Praha;classic;98:01:15
557;2953;3567;OWNER;1;Hl.m. Praha;classic;98:01:17
897;6273;7576;OWNER;38;Louny;classic;98:01:18
803;4746;5727;OWNER;54;Brno - mesto;classic;98:01:19
401;2089;2532;OWNER;29;Rokycany;classic;98:01:19
760;4253;5126;OWNER;43;Hradec Kralove;classic;98:01:19
274;1450;1759;OWNER;63;Vyskov;classic;98:01:21
28;144;174;OWNER;10;Praha - vychod;junior;98:01:22
904;6353;7672;OWNER;26;Plzen - mesto;classic;98:01:22
474;2540;3066;OWNER;54;Brno - mesto;junior;98:01:24
214;1077;1292;OWNER;14;Ceske Budejovice;classic;98:01:24
55;278;335;OWNER;73;Opava;classic;98:01:25
340;1778;2155;OWNER;15;Cesky Krumlov;classic;98:01:25
724;3899;4701;OWNER;22;Domazlice;gold;98:01:27
67;351;429;OWNER;50;Svitavy;junior;98:01:28
236;1194;1440;OWNER;1;Hl.m. Praha;junior;98:01:29
68;356;434;OWNER;70;Karvina;classic;98:01:31
