card_id;account_id;client_id;disp_type;district_id;district_name;card_type;issued
1118;9504;11701;OWNER;9;Nymburk;classic;97:01:02
175;863;1040;OWNER;71;Novy Jicin;classic;97:01:03
565;2982;3601;OWNER;19;Prachatice;gold;97:01:06
714;3847;4638;OWNER;33;Decin;classic;97:01:09
137;655;786;OWNER;53;Blansko;junior;97:01:10
22;115;138;OWNER;68;Frydek - Mistek;classic;97:01:11
325;1732;2102;OWNER;51;Trutnov;classic;97:01:12
194;981;1182;OWNER;66;Zdar nad Sazavou;classic;97:01:13
668;3597;4340;OWNER;1;Hl.m. Praha;classic;97:01:14
706;3781;4559;OWNER;31;Tachov;gold;97:01:16
850;5505;6644;OWNER;1;Hl.m. Praha;classic;97:01:16
298;1554;1885;OWNER;47;Pardubice;classic;97:01:17
105;491;590;OWNER;44;Chrudim;classic;97:01:17
1036;8129;10043;OWNER;45;Jicin;classic;97:01:17
292;1519;1842;OWNER;9;Nymburk;gold;97:01:18
112;521;626;OWNER;9;Nymburk;junior;97:01:19
678;3654;4405;OWNER;47;Pardubice;gold;97:01:20
1093;9192;11319;OWNER;1;Hl.m. Praha;classic;97:01:20
681;3672;4426;OWNER;26;Plzen - mesto;classic;97:01:22
582;3086;3733;OWNER;1;Hl.m. Praha;classic;97:01:22
729;3931;4740;OWNER;28;Plzen - sever;junior;97:01:22
54;277;334;OWNER;32;Ceska Lipa;classic;97:01:24
258;1328;1607;OWNER;8;Mlada Boleslav;classic;97:01:26
534;2803;3387;OWNER;58;Jihlava;classic;97:01:29
667;3591;4333;OWNER;1;Hl.m. Praha;classic;97:01:31
