card_id;account_id;client_id;disp_type;district_id;district_name;card_type;issued
30;167;202;OWNER;29;Rokycany;classic;97:10:01
327;1745;2117;OWNER;53;Blansko;classic;97:10:03
49;253;305;OWNER;46;Nachod;classic;97:10:03
1115;9491;11683;OWNER;7;Melnik;junior;97:10:03
698;3749;4522;OWNER;68;Frydek - Mistek;gold;97:10:07
874;5891;7127;OWNER;54;Brno - mesto;gold;97:10:07
247;1243;1500;OWNER;1;Hl.m. Praha;junior;97:10:08
656;3507;4235;OWNER;9;Nymburk;classic;97:10:08
436;2279;2759;OWNER;2;Benesov;classic;97:10:09
124;573;688;OWNER;1;Hl.m. Praha;classic;97:10:10
633;3372;4078;OWNER;23;Cheb;classic;97:10:12
428;2227;2698;OWNER;31;Tachov;classic;97:10:13
638;3391;4100;OWNER;74;Ostrava - mesto;gold;97:10:14
153;738;886;OWNER;34;Chomutov;gold;97:10:19
596;3151;3811;OWNER;6;Kutna Hora;classic;97:10:19
664;3578;4316;OWNER;1;Hl.m. Praha;classic;97:10:22
251;1264;1525;OWNER;1;Hl.m. Praha;classic;97:10:23
552;2912;3519;OWNER;74;Ostrava - mesto;classic;97:10:25
9;65;76;OWNER;36;Liberec;classic;97:10:25
11;68;79;OWNER;37;Litomerice;gold;97:10:25
650;3471;4194;OWNER;63;Vyskov;classic;97:10:26
59;300;365;OWNER;1;Hl.m. Praha;classic;97:10:27
1016;7957;9833;OWNER;51;Trutnov;classic;97:10:28
359;1894;2299;OWNER;6;Kutna Hora;classic;97:10:29
438;2287;2768;OWNER;1;Hl.m. Praha;classic;97:10:30
