card_id;account_id;client_id;disp_type;district_id;district_name;card_type;issued
977;7487;9276;OWNER;4;Kladno;classic;96:05:08
183;897;1080;OWNER;38;Louny;classic;96:05:08
945;6910;8342;OWNER;76;Sumperk;junior;96:05:09
44;223;268;OWNER;39;Most;junior;96:05:17
600;3166;3829;OWNER;71;Novy Jicin;classic;96:05:20
127;596;714;OWNER;31;Tachov;classic;96:05:23
764;4283;5159;OWNER;39;Most;classic;96:05:29
204;1032;1239;OWNER;11;Praha - zapad;junior;96:05:30
1134;9790;12050;OWNER;52;Usti nad Orlici;classic;96:05:31
