card_id;account_id;client_id;disp_type;district_id;district_name;card_type;issued
1137;9814;12079;OWNER;64;Zlin;gold;98:12:01
677;3633;4382;OWNER;18;Pisek;junior;98:12:01
20;109;131;OWNER;53;Blansko;classic;98:12:02
657;3516;4246;OWNER;36;Liberec;junior;98:12:02
219;1108;1329;OWNER;26;Plzen - mesto;classic;98:12:04
819;4949;5978;OWNER;33;Decin;gold;98:12:06
1177;10439;12843;OWNER;66;Zdar nad Sazavou;gold;98:12:06
341;1779;2156;OWNER;33;Decin;gold;98:12:06
692;3725;4493;OWNER;33;Decin;classic;98:12:08
715;3848;4639;OWNER;20;Strakonice;junior;98:12:08
131;606;725;OWNER;75;Prerov;classic;98:12:08
201;1019;1223;OWNER;52;Usti nad Orlici;classic;98:12:08
605;3204;3874;OWNER;61;Trebic;classic;98:12:11
306;1591;1929;OWNER;65;Znojmo;classic;98:12:11
378;2000;2430;OWNER;5;Kolin;classic;98:12:11
549;2899;3504;OWNER;40;Teplice;classic;98:12:12
371;1963;2388;OWNER;42;Havlickuv Brod;gold;98:12:13
147;689;826;OWNER;1;Hl.m. Praha;junior;98:12:13
527;2773;3348;OWNER;38;Louny;junior;98:12:14
172;855;1030;OWNER;1;Hl.m. Praha;classic;98:12:14
886;6062;7325;OWNER;24;Karlovy Vary;classic;98:12:15
479;2555;3085;OWNER;53;Blansko;classic;98:12:16
691;3724;4492;OWNER;16;Jindrichuv Hradec;classic;98:12:16
560;2963;3577;OWNER;31;Tachov;classic;98:12:17
452;2409;2910;OWNER;76;Sumperk;classic;98:12:19
506;2681;3236;OWNER;28;Plzen - sever;gold;98:12:19
735;3956;4772;OWNER;6;Kutna Hora;classic;98:12:19
654;3502;4230;OWNER;74;Ostrava - mesto;classic;98:12:21
196;993;1197;OWNER;6;Kutna Hora;classic;98:12:22
473;2537;3063;OWNER;27;Plzen - jih;classic;98:12:22
829;5180;6255;OWNER;54;Brno - mesto;classic;98:12:22
310;1606;1947;OWNER;23;Cheb;junior;98:12:23
76;384;464;OWNER;24;Karlovy Vary;classic;98:12:23
573;3012;3638;OWNER;49;Semily;classic;98:12:23
240;1208;1459;OWNER;4;Kladno;classic;98:12:23
728;3919;4725;OWNER;34;Chomutov;classic;98:12:24
924;6510;7862;OWNER;74;Ostrava - mesto;classic;98:12:24
486;2592;3128;OWNER;69;Jesenik;gold;98:12:25
1081;8931;11004;OWNER;63;Vyskov;classic;98:12:25
753;4131;4974;OWNER;5;Kolin;classic;98:12:25
442;2310;2796;OWNER;15;Cesky Krumlov;classic;98:12:26
125;577;694;OWNER;29;Rokycany;gold;98:12:26
674;3614;4360;OWNER;19;Prachatice;classic;98:12:28
322;1698;2063;OWNER;68;Frydek - Mistek;classic;98:12:28
685;3705;4467;OWNER;20;Strakonice;classic;98:12:29
635;3377;4083;OWNER;74;Ostrava - mesto;classic;98:12:29
