card_id;account_id;client_id;disp_type;district_id;district_name;card_type;issued
400;2086;2529;OWNER;70;Karvina;classic;97:04:06
617;3260;3944;OWNER;68;Frydek - Mistek;gold;97:04:09
709;3806;4587;OWNER;36;Liberec;junior;97:04:11
387;2044;2481;OWNER;6;Kutna Hora;classic;97:04:18
226;1146;1378;OWNER;67;Bruntal;classic;97:04:18
350;1835;2226;OWNER;74;Ostrava - mesto;classic;97:04:20
539;2825;3415;OWNER;54;Brno - mesto;classic;97:04:23
583;3088;3735;OWNER;18;Pisek;classic;97:04:24
576;3038;3671;OWNER;10;Praha - vychod;classic;97:04:30
