card_id;account_id;client_id;disp_type;district_id;district_name;card_type;issued
470;2514;3036;OWNER;16;Jindrichuv Hradec;classic;96:09:02
890;6148;7422;OWNER;74;Ostrava - mesto;classic;96:09:08
514;2707;3267;OWNER;61;Trebic;classic;96:09:10
741;4009;4832;OWNER;56;Breclav;classic;96:09:11
882;5952;7195;OWNER;50;Svitavy;classic;96:09:11
12;71;83;OWNER;1;Hl.m. Praha;junior;96:09:11
152;730;876;OWNER;4;Kladno;classic;96:09:16
163;819;984;OWNER;20;Strakonice;classic;96:09:18
708;3788;4568;OWNER;70;Karvina;junior;96:09:24
