card_id;account_id;client_id;disp_type;district_id;district_name;card_type;issued
255;1305;1579;OWNER;57;Hodonin;gold;98:10:01
1193;10613;13051;OWNER;55;Brno - venkov;classic;98:10:01
416;2162;2616;OWNER;50;Svitavy;classic;98:10:01
585;3103;3753;OWNER;1;Hl.m. Praha;gold;98:10:01
744;4035;4863;OWNER;1;Hl.m. Praha;classic;98:10:02
23;122;146;OWNER;31;Tachov;classic;98:10:03
394;2062;2501;OWNER;70;Karvina;classic;98:10:05
460;2460;2971;OWNER;1;Hl.m. Praha;classic;98:10:05
35;191;231;OWNER;41;Usti nad Labem;classic;98:10:07
447;2354;2845;OWNER;7;Melnik;classic;98:10:07
264;1379;1669;OWNER;47;Pardubice;classic;98:10:07
245;1230;1483;OWNER;1;Hl.m. Praha;classic;98:10:08
505;2678;3233;OWNER;1;Hl.m. Praha;junior;98:10:09
336;1764;2138;OWNER;68;Frydek - Mistek;junior;98:10:09
366;1924;2335;OWNER;66;Zdar nad Sazavou;classic;98:10:09
533;2800;3384;OWNER;41;Usti nad Labem;classic;98:10:09
288;1507;1826;OWNER;35;Jablonec n. Nisou;classic;98:10:10
754;4132;4976;OWNER;36;Liberec;junior;98:10:10
116;537;646;OWNER;34;Chomutov;classic;98:10:11
1035;8127;10040;OWNER;37;Litomerice;classic;98:10:11
682;3675;4429;OWNER;64;Zlin;classic;98:10:11
792;4585;5526;OWNER;27;Plzen - jih;classic;98:10:11
385;2040;2476;OWNER;75;Prerov;classic;98:10:12
53;276;333;OWNER;38;Louny;classic;98:10:13
751;4102;4941;OWNER;60;Prostejov;junior;98:10:15
614;3255;3938;OWNER;1;Hl.m. Praha;junior;98:10:16
957;7049;8506;OWNER;69;Jesenik;junior;98:10:16
1;7;9;OWNER;60;Prostejov;gold;98:10:16
743;4034;4862;OWNER;1;Hl.m. Praha;gold;98:10:18
61;307;374;OWNER;26;Plzen - mesto;classic;98:10:18
60;303;370;OWNER;71;Novy Jicin;classic;98:10:18
74;373;453;OWNER;67;Bruntal;classic;98:10:18
749;4092;4929;OWNER;74;Ostrava - mesto;classic;98:10:19
339;1777;2154;OWNER;60;Prostejov;classic;98:10:19
769;4337;5224;OWNER;29;Rokycany;classic;98:10:20
488;2598;3134;OWNER;1;Hl.m. Praha;gold;98:10:20
31;172;208;OWNER;13;Rakovnik;classic;98:10:21
542;2845;3439;OWNER;62;Uherske Hradiste;classic;98:10:22
750;4099;4937;OWNER;54;Brno - mesto;classic;98:10:24
855;5602;6764;OWNER;19;Prachatice;classic;98:10:24
299;1555;1886;OWNER;34;Chomutov;classic;98:10:25
158;776;928;OWNER;66;Zdar nad Sazavou;gold;98:10:25
857;5622;6789;OWNER;70;Karvina;junior;98:10:25
230;1154;1388;OWNER;5;Kolin;gold;98:10:25
295;1538;1864;OWNER;22;Domazlice;classic;98:10:26
584;3102;3751;OWNER;33;Decin;classic;98:10:28
449;2371;2865;OWNER;15;Cesky Krumlov;classic;98:10:28
