card_id;account_id;client_id;disp_type;district_id;district_name;card_type;issued
454;2418;2921;OWNER;64;Zlin;classic;97:08:01
688;3709;4472;OWNER;74;Ostrava - mesto;classic;97:08:01
936;6649;8030;OWNER;1;Hl.m. Praha;classic;97:08:02
663;3559;4295;OWNER;18;Pisek;classic;97:08:06
637;3386;4094;OWNER;2;Benesov;junior;97:08:06
511;2699;3257;OWNER;73;Opava;junior;97:08:06
1220;10954;13468;OWNER;25;Klatovy;classic;97:08:08
628;3315;4007;OWNER;23;Cheb;classic;97:08:11
718;3866;4660;OWNER;60;Prostejov;classic;97:08:12
238;1203;1452;OWNER;72;Olomouc;gold;97:08:17
546;2867;3465;OWNER;30;Sokolov;gold;97:08:19
660;3534;4265;OWNER;59;Kromeriz;junior;97:08:19
491;2611;3151;OWNER;1;Hl.m. Praha;classic;97:08:21
140;666;798;OWNER;27;Plzen - jih;classic;97:08:22
502;2653;3201;OWNER;66;Zdar nad Sazavou;classic;97:08:22
598;3160;3821;OWNER;22;Domazlice;classic;97:08:23
355;1869;2267;OWNER;1;Hl.m. Praha;classic;97:08:28
43;222;267;OWNER;37;Litomerice;classic;97:08:29
610;3220;3894;OWNER;29;Rokycany;classic;97:08:29
182;886;1067;OWNER;1;Hl.m. Praha;gold;97:08:31
41;213;256;OWNER;73;Opava;classic;97:08:31
