card_id;account_id;client_id;disp_type;district_id;district_name;card_type;issued
331;1753;2125;OWNER;71;Novy Jicin;gold;98:05:01
734;3950;4765;OWNER;48;Rychnov nad Kneznou;classic;98:05:01
235;1192;1438;OWNER;29;Rokycany;classic;98:05:02
284;1491;1807;OWNER;47;Pardubice;classic;98:05:07
412;2138;2585;OWNER;75;Prerov;classic;98:05:09
64;329;402;OWNER;3;Beroun;classic;98:05:10
186;940;1133;OWNER;37;Litomerice;gold;98:05:12
458;2444;2951;OWNER;76;Sumperk;gold;98:05:14
465;2480;2995;OWNER;35;Jablonec n. Nisou;classic;98:05:15
457;2441;2948;OWNER;47;Pardubice;junior;98:05:16
456;2424;2929;OWNER;1;Hl.m. Praha;classic;98:05:16
645;3445;4166;OWNER;1;Hl.m. Praha;classic;98:05:17
906;6363;7683;OWNER;74;Ostrava - mesto;gold;98:05:18
756;4158;5012;OWNER;27;Plzen - jih;classic;98:05:18
218;1101;1322;OWNER;4;Kladno;classic;98:05:18
717;3861;4654;OWNER;2;Benesov;classic;98:05:19
8;51;60;OWNER;67;Bruntal;junior;98:05:20
700;3757;4533;OWNER;64;Zlin;junior;98:05:22
757;4159;5013;OWNER;74;Ostrava - mesto;junior;98:05:22
126;589;707;OWNER;1;Hl.m. Praha;classic;98:05:23
358;1885;2287;OWNER;47;Pardubice;junior;98:05:23
639;3401;4112;OWNER;38;Louny;classic;98:05:23
212;1067;1280;OWNER;34;Chomutov;classic;98:05:24
415;2156;2609;OWNER;1;Hl.m. Praha;classic;98:05:25
161;804;963;OWNER;64;Zlin;classic;98:05:25
207;1037;1244;OWNER;1;Hl.m. Praha;classic;98:05:25
1216;10905;13405;OWNER;32;Ceska Lipa;classic;98:05:26
649;3467;4190;OWNER;17;Pelhrimov;classic;98:05:29
475;2547;3075;OWNER;74;Ostrava - mesto;gold;98:05:31
586;3106;3756;OWNER;12;Pribram;classic;98:05:31
