card_id;account_id;client_id;disp_type;district_id;district_name;card_type;issued
311;1611;1954;OWNER;69;Jesenik;classic;97:07:01
120;549;662;OWNER;5;Kolin;classic;97:07:03
122;554;667;OWNER;26;Plzen - mesto;junior;97:07:03
476;2550;3079;OWNER;67;Bruntal;classic;97:07:06
781;4448;5366;OWNER;60;Prostejov;classic;97:07:07
588;3113;3765;OWNER;67;Bruntal;classic;97:07:08
403;2095;2538;OWNER;56;Breclav;junior;97:07:12
139;665;797;OWNER;8;Mlada Boleslav;classic;97:07:14
553;2915;3522;OWNER;57;Hodonin;classic;97:07:14
625;3296;3987;OWNER;67;Bruntal;classic;97:07:17
413;2143;2592;OWNER;1;Hl.m. Praha;junior;97:07:20
591;3124;3779;OWNER;6;Kutna Hora;classic;97:07:23
694;3733;4504;OWNER;33;Decin;classic;97:07:24
512;2701;3259;OWNER;71;Novy Jicin;classic;97:07:24
1095;9203;11331;OWNER;70;Karvina;gold;97:07:28
1059;8547;10543;OWNER;14;Ceske Budejovice;classic;97:07:29
75;377;457;OWNER;70;Karvina;classic;97:07:29
383;2034;2469;OWNER;54;Brno - mesto;classic;97:07:30
115;530;638;OWNER;54;Brno - mesto;classic;97:07:30
884;6030;7286;OWNER;47;Pardubice;gold;97:07:31
