card_id;account_id;client_id;disp_type;district_id;district_name;card_type;issued
195;990;1194;OWNER;17;Pelhrimov;classic;97:02:03
199;1009;1213;OWNER;1;Hl.m. Praha;classic;97:02:07
490;2600;3136;OWNER;1;Hl.m. Praha;gold;97:02:07
347;1803;2184;OWNER;24;Karlovy Vary;classic;97:02:11
210;1044;1253;OWNER;14;Ceske Budejovice;classic;97:02:16
293;1526;1850;OWNER;52;Usti nad Orlici;classic;97:02:17
189;960;1157;OWNER;4;Kladno;classic;97:02:19
324;1709;2074;OWNER;24;Karlovy Vary;classic;97:02:19
578;3051;3689;OWNER;9;Nymburk;junior;97:02:21
