card_id;account_id;client_id;disp_type;district_id;district_name;card_type;issued
1155;10079;12396;OWNER;62;Uherske Hradiste;classic;98:08:01
95;431;519;OWNER;18;Pisek;junior;98:08:01
833;5213;6299;OWNER;1;Hl.m. Praha;classic;98:08:01
319;1678;2038;OWNER;1;Hl.m. Praha;junior;98:08:02
795;4616;5563;OWNER;1;Hl.m. Praha;classic;98:08:02
508;2693;3249;OWNER;17;Pelhrimov;classic;98:08:03
78;387;468;OWNER;72;Olomouc;classic;98:08:04
683;3681;4437;OWNER;70;Karvina;classic;98:08:05
32;180;219;OWNER;55;Brno - venkov;classic;98:08:06
550;2908;3515;OWNER;61;Trebic;classic;98:08:08
1217;10906;13406;OWNER;76;Sumperk;junior;98:08:09
1003;7745;9582;OWNER;2;Benesov;classic;98:08:09
179;880;1059;OWNER;26;Plzen - mesto;classic;98:08:10
169;845;1019;OWNER;14;Ceske Budejovice;classic;98:08:10
221;1116;1339;OWNER;1;Hl.m. Praha;classic;98:08:10
684;3696;4457;OWNER;1;Hl.m. Praha;classic;98:08:11
77;386;466;OWNER;1;Hl.m. Praha;classic;98:08:13
581;3077;3721;OWNER;64;Zlin;classic;98:08:13
47;232;280;OWNER;45;Jicin;classic;98:08:13
386;2041;2478;OWNER;48;Rychnov nad Kneznou;classic;98:08:14
346;1797;2177;OWNER;24;Karlovy Vary;classic;98:08:14
406;2104;2548;OWNER;48;Rychnov nad Kneznou;classic;98:08:16
951;6950;8392;OWNER;36;Liberec;classic;98:08:16
519;2731;3297;OWNER;1;Hl.m. Praha;classic;98:08:16
321;1695;2058;OWNER;76;Sumperk;gold;98:08:16
128;598;716;OWNER;1;Hl.m. Praha;classic;98:08:19
711;3811;4592;OWNER;1;Hl.m. Praha;classic;98:08:19
538;2824;3414;OWNER;11;Praha - zapad;gold;98:08:20
29;159;192;OWNER;70;Karvina;classic;98:08:20
834;5215;6301;OWNER;55;Brno - venkov;classic;98:08:21
461;2466;2977;OWNER;39;Most;gold;98:08:21
239;1204;1453;OWNER;29;Rokycany;gold;98:08:24
395;2063;2502;OWNER;1;Hl.m. Praha;classic;98:08:24
531;2796;3378;OWNER;5;Kolin;gold;98:08:24
1150;10022;12328;OWNER;1;Hl.m. Praha;classic;98:08:25
96;438;528;OWNER;37;Litomerice;classic;98:08:26
367;1929;2343;OWNER;1;Hl.m. Praha;classic;98:08:27
1023;8038;9929;OWNER;47;Pardubice;classic;98:08:30
702;3767;4543;OWNER;1;Hl.m. Praha;classic;98:08:30
405;2099;2542;OWNER;3;Beroun;classic;98:08:31
