card_id;account_id;client_id;disp_type;district_id;district_name;card_type;issued
232;1160;1396;OWNER;39;Most;classic;97:05:01
730;3938;4749;OWNER;57;Hodonin;classic;97:05:02
616;3259;3943;OWNER;1;Hl.m. Praha;classic;97:05:05
564;2973;3590;OWNER;23;Cheb;classic;97:05:06
82;393;474;OWNER;46;Nachod;classic;97:05:07
1173;10361;12750;OWNER;21;Tabor;classic;97:05:08
426;2218;2686;OWNER;19;Prachatice;classic;97:05:09
791;4580;5521;OWNER;9;Nymburk;classic;97:05:12
572;3010;3636;OWNER;46;Nachod;junior;97:05:16
375;1996;2425;OWNER;6;Kutna Hora;junior;97:05:17
69;360;438;OWNER;32;Ceska Lipa;classic;97:05:17
607;3212;3885;OWNER;70;Karvina;classic;97:05:17
155;750;900;OWNER;73;Opava;junior;97:05:17
275;1453;1762;OWNER;61;Trebic;classic;97:05:20
847;5477;6610;OWNER;57;Hodonin;classic;97:05:20
399;2084;2527;OWNER;44;Chrudim;classic;97:05:22
305;1581;1914;OWNER;39;Most;classic;97:05:23
430;2240;2713;OWNER;36;Liberec;classic;97:05:26
349;1826;2214;OWNER;5;Kolin;classic;97:05:26
256;1309;1583;OWNER;1;Hl.m. Praha;classic;97:05:26
50;256;309;OWNER;37;Litomerice;classic;97:05:28
939;6806;8217;OWNER;1;Hl.m. Praha;junior;97:05:29
110;506;608;OWNER;67;Bruntal;classic;97:05:31
