card_id;account_id;client_id;disp_type;district_id;district_name;card_type;issued
619;3269;3958;OWNER;37;Litomerice;classic;98:04:01
191;969;1168;OWNER;19;Prachatice;junior;98:04:02
965;7156;8636;OWNER;71;Novy Jicin;classic;98:04:02
444;2328;2815;OWNER;35;Jablonec n. Nisou;gold;98:04:03
370;1953;2374;OWNER;9;Nymburk;classic;98:04:03
156;756;906;OWNER;65;Znojmo;junior;98:04:07
492;2624;3166;OWNER;31;Tachov;classic;98:04:09
52;270;326;OWNER;27;Plzen - jih;gold;98:04:10
71;363;441;OWNER;1;Hl.m. Praha;classic;98:04:11
775;4361;5253;OWNER;69;Jesenik;gold;98:04:11
330;1752;2124;OWNER;68;Frydek - Mistek;classic;98:04:11
510;2698;3256;OWNER;49;Semily;classic;98:04:13
170;846;1020;OWNER;72;Olomouc;classic;98:04:16
338;1770;2146;OWNER;65;Znojmo;classic;98:04:16
755;4150;5002;OWNER;65;Znojmo;classic;98:04:16
451;2392;2888;OWNER;1;Hl.m. Praha;junior;98:04:16
263;1378;1668;OWNER;59;Kromeriz;gold;98:04:17
602;3181;3846;OWNER;42;Havlickuv Brod;junior;98:04:18
498;2640;3186;OWNER;1;Hl.m. Praha;classic;98:04:18
933;6592;7959;OWNER;1;Hl.m. Praha;junior;98:04:21
89;412;497;OWNER;74;Ostrava - mesto;classic;98:04:22
761;4255;5128;OWNER;70;Karvina;gold;98:04:23
176;871;1049;OWNER;1;Hl.m. Praha;classic;98:04:25
1102;9333;11491;OWNER;36;Liberec;classic;98:04:25
109;503;605;OWNER;1;Hl.m. Praha;classic;98:04:26
421;2184;2644;OWNER;6;Kutna Hora;classic;98:04:27
918;6461;7796;OWNER;50;Svitavy;classic;98:04:27
680;3664;4417;OWNER;1;Hl.m. Praha;classic;98:04:29
824;5133;6196;OWNER;68;Frydek - Mistek;classic;98:04:29
448;2370;2864;OWNER;51;Trutnov;classic;98:04:29
1194;10644;13089;OWNER;16;Jindrichuv Hradec;junior;98:04:30
