card_id;account_id;client_id;disp_type;district_id;district_name;card_type;issued
480;2561;3092;OWNER;59;Kromeriz;classic;98:09:01
1098;9235;11371;OWNER;37;Litomerice;classic;98:09:01
79;388;469;OWNER;59;Kromeriz;classic;98:09:02
402;2093;2536;OWNER;64;Zlin;classic;98:09:03
551;2910;3517;OWNER;68;Frydek - Mistek;classic;98:09:03
425;2200;2662;OWNER;1;Hl.m. Praha;junior;98:09:04
1195;10650;13095;OWNER;76;Sumperk;gold;98:09:04
1154;10065;12378;OWNER;76;Sumperk;classic;98:09:05
307;1592;1930;OWNER;38;Louny;gold;98:09:05
752;4105;4944;OWNER;58;Jihlava;junior;98:09:06
134;641;769;OWNER;40;Teplice;classic;98:09:07
285;1494;1811;OWNER;1;Hl.m. Praha;gold;98:09:10
544;2854;3448;OWNER;1;Hl.m. Praha;gold;98:09:10
526;2766;3339;OWNER;31;Tachov;classic;98:09:10
352;1843;2235;OWNER;12;Pribram;classic;98:09:11
328;1749;2121;OWNER;64;Zlin;junior;98:09:12
26;134;161;OWNER;34;Chomutov;classic;98:09:14
141;673;808;OWNER;31;Tachov;classic;98:09:15
151;718;861;OWNER;1;Hl.m. Praha;classic;98:09:16
203;1026;1231;OWNER;20;Strakonice;classic;98:09:16
653;3485;4212;OWNER;53;Blansko;classic;98:09:16
880;5944;7186;OWNER;27;Plzen - jih;classic;98:09:17
620;3270;3959;OWNER;30;Sokolov;classic;98:09:17
630;3325;4019;OWNER;11;Praha - zapad;classic;98:09:18
1188;10558;12986;OWNER;40;Teplice;classic;98:09:19
389;2051;2489;OWNER;64;Zlin;gold;98:09:19
1024;8039;9930;OWNER;9;Nymburk;classic;98:09:20
193;978;1179;OWNER;73;Opava;gold;98:09:21
758;4161;5016;OWNER;1;Hl.m. Praha;classic;98:09:21
634;3375;4081;OWNER;9;Nymburk;junior;98:09:22
361;1903;2312;OWNER;11;Praha - zapad;classic;98:09:23
242;1220;1473;OWNER;1;Hl.m. Praha;classic;98:09:24
923;6505;7855;OWNER;7;Melnik;classic;98:09:24
1007;7795;9641;OWNER;64;Zlin;gold;98:09:25
520;2741;3308;OWNER;15;Cesky Krumlov;classic;98:09:25
629;3324;4018;OWNER;3;Beroun;junior;98:09:25
335;1763;2137;OWNER;73;Opava;classic;98:09:25
414;2153;2606;OWNER;31;Tachov;classic;98:09:26
36;195;236;OWNER;70;Karvina;classic;98:09:28
561;2966;3581;OWNER;33;Decin;gold;98:09:28
291;1515;1836;OWNER;11;Praha - zapad;classic;98:09:29
231;1156;1390;OWNER;59;Kromeriz;junior;98:09:29
782;4456;5376;OWNER;14;Ceske Budejovice;classic;98:09:29
180;882;1062;OWNER;9;Nymburk;classic;98:09:29
765;4296;5175;OWNER;63;Vyskov;classic;98:09:29
357;1876;2277;OWNER;1;Hl.m. Praha;junior;98:09:29
554;2927;3535;OWNER;37;Litomerice;classic;98:09:29
956;7045;8502;OWNER;51;Trutnov;classic;98:09:30
676;3631;4380;OWNER;1;Hl.m. Praha;classic;98:09:30
