card_id;account_id;client_id;disp_type;district_id;district_name;card_type;issued
590;3116;3769;OWNER;54;Brno - mesto;classic;97:12:02
942;6872;8295;OWNER;15;Cesky Krumlov;classic;97:12:02
33;181;221;OWNER;21;Tabor;junior;97:12:03
739;3999;4821;OWNER;35;Jablonec n. Nisou;classic;97:12:03
45;226;272;OWNER;70;Karvina;classic;97:12:05
25;132;158;OWNER;40;Teplice;classic;97:12:06
200;1016;1220;OWNER;40;Teplice;gold;97:12:09
268;1408;1707;OWNER;10;Praha - vychod;gold;97:12:11
507;2689;3245;OWNER;70;Karvina;classic;97:12:11
569;2994;3616;OWNER;77;Vsetin;classic;97:12:12
282;1485;1799;OWNER;36;Liberec;gold;97:12:13
536;2817;3404;OWNER;56;Breclav;classic;97:12:13
1022;8026;9914;OWNER;36;Liberec;classic;97:12:13
1105;9377;11545;OWNER;1;Hl.m. Praha;classic;97:12:13
326;1734;2104;OWNER;37;Litomerice;classic;97:12:14
380;2004;2434;OWNER;42;Havlickuv Brod;classic;97:12:15
723;3897;4699;OWNER;13;Rakovnik;classic;97:12:15
81;392;473;OWNER;1;Hl.m. Praha;classic;97:12:17
521;2742;3310;OWNER;23;Cheb;classic;97:12:17
608;3216;3890;OWNER;3;Beroun;classic;97:12:17
589;3114;3766;OWNER;1;Hl.m. Praha;junior;97:12:20
281;1482;1795;OWNER;38;Louny;classic;97:12:22
891;6157;7434;OWNER;34;Chomutov;classic;97:12:23
774;4358;5249;OWNER;5;Kolin;classic;97:12:25
566;2986;3606;OWNER;63;Vyskov;classic;97:12:25
575;3035;3667;OWNER;15;Cesky Krumlov;gold;97:12:25
154;739;887;OWNER;66;Zdar nad Sazavou;classic;97:12:28
130;603;722;OWNER;62;Uherske Hradiste;classic;97:12:29
434;2262;2739;OWNER;13;Rakovnik;classic;97:12:30
