card_id;account_id;client_id;disp_type;district_id;district_name;card_type;issued
248;1253;1512;OWNER;5;Kolin;classic;98:03:01
215;1080;1296;OWNER;55;Brno - venkov;classic;98:03:02
225;1132;1359;OWNER;1;Hl.m. Praha;classic;98:03:03
643;3437;4157;OWNER;1;Hl.m. Praha;classic;98:03:04
844;5442;6567;OWNER;34;Chomutov;junior;98:03:04
672;3606;4349;OWNER;1;Hl.m. Praha;classic;98:03:07
276;1456;1765;OWNER;9;Nymburk;classic;98:03:07
1230;11079;13620;OWNER;16;Jindrichuv Hradec;classic;98:03:08
599;3163;3824;OWNER;41;Usti nad Labem;gold;98:03:08
72;367;447;OWNER;23;Cheb;classic;98:03:09
1199;10679;13134;OWNER;1;Hl.m. Praha;classic;98:03:09
48;244;295;OWNER;24;Karlovy Vary;classic;98:03:10
58;294;358;OWNER;7;Melnik;classic;98:03:11
334;1760;2133;OWNER;53;Blansko;classic;98:03:13
2;14;19;OWNER;47;Pardubice;classic;98:03:13
228;1149;1382;OWNER;18;Pisek;junior;98:03:15
244;1227;1480;OWNER;69;Jesenik;classic;98:03:16
1189;10562;12991;OWNER;51;Trutnov;classic;98:03:17
198;1007;1211;OWNER;1;Hl.m. Praha;junior;98:03:18
34;185;225;OWNER;32;Ceska Lipa;classic;98:03:20
535;2811;3395;OWNER;4;Kladno;classic;98:03:22
269;1417;1718;OWNER;75;Prerov;gold;98:03:22
515;2708;3268;OWNER;1;Hl.m. Praha;classic;98:03:23
290;1513;1833;OWNER;30;Sokolov;classic;98:03:24
315;1654;2005;OWNER;30;Sokolov;junior;98:03:24
784;4527;5461;OWNER;9;Nymburk;classic;98:03:24
63;311;378;OWNER;50;Svitavy;junior;98:03:27
417;2164;2619;OWNER;63;Vyskov;classic;98:03:30
