card_id;account_id;client_id;disp_type;district_id;district_name;card_type;issued
348;1817;2203;OWNER;10;Praha - vychod;classic;98:02:02
65;339;414;OWNER;46;Nachod;classic;98:02:02
1239;11186;13750;OWNER;12;Pribram;junior;98:02:02
165;828;996;OWNER;1;Hl.m. Praha;junior;98:02:04
249;1257;1517;OWNER;66;Zdar nad Sazavou;classic;98:02:06
246;1237;1492;OWNER;9;Nymburk;classic;98:02:08
720;3877;4674;OWNER;59;Kromeriz;junior;98:02:09
518;2726;3292;OWNER;18;Pisek;gold;98:02:10
459;2450;2958;OWNER;48;Rychnov nad Kneznou;gold;98:02:11
655;3503;4231;OWNER;1;Hl.m. Praha;classic;98:02:13
624;3294;3985;OWNER;75;Prerov;junior;98:02:13
398;2080;2522;OWNER;74;Ostrava - mesto;classic;98:02:14
796;4631;5579;OWNER;77;Vsetin;classic;98:02:20
100;468;562;OWNER;49;Semily;gold;98:02:21
574;3014;3640;OWNER;75;Prerov;junior;98:02:23
360;1900;2308;OWNER;27;Plzen - jih;classic;98:02:24
391;2054;2493;OWNER;1;Hl.m. Praha;classic;98:02:24
283;1486;1800;OWNER;63;Vyskov;classic;98:02:25
726;3915;4721;OWNER;65;Znojmo;classic;98:02:26
132;610;731;OWNER;74;Ostrava - mesto;junior;98:02:26
463;2471;2982;OWNER;6;Kutna Hora;classic;98:02:26
21;110;132;OWNER;36;Liberec;classic;98:02:26
529;2780;3357;OWNER;63;Vyskov;classic;98:02:27
946;6924;8359;OWNER;74;Ostrava - mesto;junior;98:02:28
419;2170;2626;OWNER;1;Hl.m. Praha;classic;98:02:28
