card_id;account_id;client_id;disp_type;district_id;district_name;card_type;issued
446;2350;2841;OWNER;18;Pisek;classic;98:06:04
823;5120;6178;OWNER;1;Hl.m. Praha;classic;98:06:05
644;3444;4165;OWNER;53;Blansko;classic;98:06:05
111;512;615;OWNER;68;Frydek - Mistek;classic;98:06:05
469;2506;3026;OWNER;22;Domazlice;classic;98:06:07
17;105;127;OWNER;21;Tabor;classic;98:06:07
558;2954;3568;OWNER;1;Hl.m. Praha;classic;98:06:07
192;970;1169;OWNER;18;Pisek;classic;98:06:08
631;3359;4061;OWNER;8;Mlada Boleslav;junior;98:06:09
317;1662;2015;OWNER;1;Hl.m. Praha;classic;98:06:10
716;3858;4651;OWNER;2;Benesov;junior;98:06:11
7;48;56;OWNER;21;Tabor;classic;98:06:11
863;5708;6906;OWNER;64;Zlin;classic;98:06:12
123;566;679;OWNER;8;Mlada Boleslav;classic;98:06:12
770;4342;5232;OWNER;74;Ostrava - mesto;classic;98:06:15
143;680;816;OWNER;17;Pelhrimov;classic;98:06:15
785;4533;5468;OWNER;68;Frydek - Mistek;classic;98:06:16
646;3446;4167;OWNER;6;Kutna Hora;classic;98:06:17
160;796;954;OWNER;1;Hl.m. Praha;classic;98:06:17
669;3598;4341;OWNER;76;Sumperk;classic;98:06:19
101;471;566;OWNER;47;Pardubice;classic;98:06:19
332;1754;2126;OWNER;52;Usti nad Orlici;classic;98:06:19
362;1910;2320;OWNER;60;Prostejov;gold;98:06:21
173;856;1031;OWNER;2;Benesov;classic;98:06:21
16;97;116;OWNER;74;Ostrava - mesto;classic;98:06:23
365;1922;2332;OWNER;60;Prostejov;classic;98:06:23
701;3758;4534;OWNER;38;Louny;classic;98:06:24
80;390;471;OWNER;44;Chrudim;classic;98:06:25
831;5196;6275;OWNER;13;Rakovnik;classic;98:06:29
354;1867;2265;OWNER;52;Usti nad Orlici;gold;98:06:30
250;1261;1522;OWNER;52;Usti nad Orlici;classic;98:06:30
