card_id;account_id;client_id;disp_type;district_id;district_name;card_type;issued
303;1579;1912;OWNER;57;Hodonin;classic;96:08:01
651;3476;4201;OWNER;3;Beroun;junior;96:08:02
736;3970;4789;OWNER;24;Karlovy Vary;classic;96:08:03
24;128;153;OWNER;2;Benesov;junior;96:08:05
587;3112;3763;OWNER;38;Louny;junior;96:08:05
119;544;655;OWNER;32;Ceska Lipa;classic;96:08:08
670;3600;4343;OWNER;27;Plzen - jih;classic;96:08:08
227;1147;1380;OWNER;44;Chrudim;classic;96:08:10
1164;10227;12577;OWNER;62;Uherske Hradiste;classic;96:08:12
1043;8327;10282;OWNER;1;Hl.m. Praha;junior;96:08:14
278;1467;1779;OWNER;37;Litomerice;classic;96:08:15
103;486;584;OWNER;33;Decin;junior;96:08:17
673;3609;4353;OWNER;28;Plzen - sever;junior;96:08:31
38;200;242;OWNER;17;Pelhrimov;classic;96:08:31
