card_id;account_id;client_id;disp_type;district_id;district_name;card_type;issued
91;418;504;OWNER;36;Liberec;junior;97:09:01
252;1267;1529;OWNER;43;Hradec Kralove;classic;97:09:02
495;2635;3181;OWNER;27;Plzen - jih;classic;97:09:02
259;1330;1610;OWNER;68;Frydek - Mistek;classic;97:09:05
187;945;1140;OWNER;18;Pisek;classic;97:09:07
185;911;1098;OWNER;60;Prostejov;classic;97:09:07
1025;8041;9933;OWNER;1;Hl.m. Praha;classic;97:09:08
19;108;130;OWNER;53;Blansko;classic;97:09:09
431;2242;2715;OWNER;7;Melnik;gold;97:09:12
356;1870;2268;OWNER;10;Praha - vychod;classic;97:09:13
767;4321;5204;OWNER;47;Pardubice;classic;97:09:14
537;2818;3405;OWNER;40;Teplice;classic;97:09:15
703;3770;4546;OWNER;23;Cheb;classic;97:09:17
671;3602;4345;OWNER;18;Pisek;classic;97:09:17
896;6265;7567;OWNER;5;Kolin;classic;97:09:18
343;1786;2164;OWNER;1;Hl.m. Praha;classic;97:09:21
279;1478;1791;OWNER;5;Kolin;classic;97:09:21
622;3290;3981;OWNER;19;Prachatice;junior;97:09:22
612;3229;3906;OWNER;64;Zlin;classic;97:09:22
206;1036;1243;OWNER;11;Praha - zapad;classic;97:09:22
190;967;1165;OWNER;15;Cesky Krumlov;classic;97:09:23
1203;10738;13201;OWNER;45;Jicin;classic;97:09:26
234;1182;1424;OWNER;8;Mlada Boleslav;classic;97:09:29
