loan_id;account_id;district_id;district_name;start_date;amount;payments;duration;status
7262;11135;75;Prerov;94:03:01;182628.0;5073.0;36;finished and payed
5519;2694;7;Melnik;94:03:08;91632.0;7636.0;12;finished and payed
6577;7753;74;Ostrava - mesto;94:03:11;51696.0;2154.0;24;finished and payed
6509;7445;64;Zlin;94:03:15;55368.0;2307.0;24;finished and payed
6520;7485;39;Most;94:03:16;91200.0;3800.0;24;finished and payed
6699;8330;48;Rychnov nad Kneznou;94:03:30;7656.0;319.0;24;finished and payed
6336;6555;38;Louny;94:03:31;212400.0;5900.0;36;finished and payed
