loan_id;account_id;district_id;district_name;start_date;amount;payments;duration;status
6866;9201;69;Jesenik;98:02:05;122472.0;5103.0;24;running and OK
6633;7997;10;Praha - vychod;98:02:05;160656.0;6694.0;24;running and OK
6926;9455;73;Opava;98:02:07;374760.0;6246.0;60;running and OK
6442;7082;57;Hodonin;98:02:08;194160.0;4045.0;48;running and OK
5889;4456;14;Ceske Budejovice;98:02:09;321240.0;5354.0;60;running and OK
5765;3875;44;Chrudim;98:02:10;153936.0;6414.0;24;running and OK
5124;785;21;Tabor;98:02:12;156096.0;4336.0;36;running and OK
5491;2545;1;Hl.m. Praha;98:02:13;428784.0;8933.0;48;running and OK
6730;8523;54;Brno - mesto;98:02:15;93036.0;7753.0;12;running and OK
7151;10493;12;Pribram;98:02:18;133800.0;5575.0;24;running and OK
5140;873;73;Opava;98:02:24;178500.0;2975.0;60;running and OK
7171;10650;76;Sumperk;98:02:24;196224.0;4088.0;48;running and OK
6568;7713;50;Svitavy;98:02:25;220440.0;3674.0;60;running and OK
6861;9179;28;Plzen - sever;98:02:28;215040.0;3584.0;60;running and OK
