loan_id;account_id;district_id;district_name;start_date;amount;payments;duration;status
5385;2143;1;Hl.m. Praha;96:09:09;71460.0;1985.0;36;running and OK
6865;9199;72;Olomouc;96:09:11;29448.0;2454.0;12;finished and not payed
5586;2994;77;Vsetin;96:09:14;48744.0;1354.0;36;running and OK
6302;6397;48;Rychnov nad Kneznou;96:09:16;181020.0;3017.0;60;running and OK
7194;10762;1;Hl.m. Praha;96:09:17;68832.0;1912.0;36;running and OK
6461;7136;12;Pribram;96:09:19;74124.0;2059.0;36;running and OK
6732;8533;47;Pardubice;96:09:19;174048.0;3626.0;48;running and OK
6613;7926;69;Jesenik;96:09:22;84120.0;3505.0;24;finished and payed
7036;10019;8;Mlada Boleslav;96:09:25;194940.0;5415.0;36;running and OK
5897;4476;24;Karlovy Vary;96:09:25;15192.0;633.0;24;finished and payed
6995;9814;64;Zlin;96:09:26;96168.0;8014.0;12;finished and payed
5415;2236;73;Opava;96:09:26;139464.0;3874.0;36;runnind and debt
7136;10436;60;Prostejov;96:09:28;54396.0;1511.0;36;running and OK
