loan_id;account_id;district_id;district_name;start_date;amount;payments;duration;status
6591;7819;38;Louny;95:02:02;20832.0;434.0;48;running and OK
5724;3678;1;Hl.m. Praha;95:02:05;316140.0;5269.0;60;runnind and debt
6315;6472;61;Trebic;95:02:06;43164.0;3597.0;12;finished and payed
5876;4413;74;Ostrava - mesto;95:02:08;221280.0;4610.0;48;running and OK
6986;9750;74;Ostrava - mesto;95:02:11;151728.0;3161.0;48;runnind and debt
6294;6353;26;Plzen - mesto;95:02:12;79920.0;1332.0;60;running and OK
5132;817;5;Kolin;95:02:17;538500.0;8975.0;60;running and OK
5877;4414;24;Karlovy Vary;95:02:23;97224.0;4051.0;24;finished and payed
