loan_id;account_id;district_id;district_name;start_date;amount;payments;duration;status
5718;3637;53;Blansko;97:09:01;14028.0;1169.0;12;finished and payed
6104;5395;47;Pardubice;97:09:05;158184.0;4394.0;36;running and OK
5229;1329;53;Blansko;97:09:06;23520.0;1960.0;12;finished and payed
6625;7966;54;Brno - mesto;97:09:07;473280.0;7888.0;60;runnind and debt
5206;1242;74;Ostrava - mesto;97:09:07;128544.0;5356.0;24;running and OK
5963;4746;54;Brno - mesto;97:09:07;204780.0;3413.0;60;running and OK
4990;110;36;Liberec;97:09:08;162576.0;4516.0;36;running and OK
6641;8026;36;Liberec;97:09:09;128268.0;3563.0;36;running and OK
5369;2080;74;Ostrava - mesto;97:09:12;214596.0;5961.0;36;running and OK
6196;5837;5;Kolin;97:09:14;177804.0;4939.0;36;running and OK
5236;1374;53;Blansko;97:09:15;389136.0;8107.0;48;running and OK
5719;3664;1;Hl.m. Praha;97:09:20;271584.0;5658.0;48;running and OK
5643;3273;74;Ostrava - mesto;97:09:21;94512.0;7876.0;12;finished and not payed
7050;10065;76;Sumperk;97:09:23;311232.0;6484.0;48;running and OK
6355;6699;35;Jablonec n. Nisou;97:09:24;127200.0;2650.0;48;running and OK
6688;8268;59;Kromeriz;97:09:26;8616.0;359.0;24;running and OK
6239;6083;6;Kutna Hora;97:09:28;360864.0;7518.0;48;runnind and debt
5531;2753;26;Plzen - mesto;97:09:30;66432.0;2768.0;24;running and OK
