loan_id;account_id;district_id;district_name;start_date;amount;payments;duration;status
5591;3021;10;Praha - vychod;96:12:04;155616.0;3242.0;48;running and OK
7154;10520;55;Brno - venkov;96:12:05;417600.0;6960.0;60;running and OK
7130;10411;39;Most;96:12:11;123408.0;5142.0;24;finished and payed
6818;9030;72;Olomouc;96:12:12;155616.0;3242.0;48;running and OK
5625;3189;29;Rokycany;96:12:15;222180.0;3703.0;60;runnind and debt
6805;8972;70;Karvina;96:12:21;45024.0;938.0;48;running and OK
7233;10963;16;Jindrichuv Hradec;96:12:25;115812.0;3217.0;36;running and OK
7308;11362;67;Bruntal;96:12:27;129408.0;5392.0;24;finished and payed
