loan_id;account_id;district_id;district_name;start_date;amount;payments;duration;status
5841;4268;77;Vsetin;98:11:04;41988.0;3499.0;12;running and OK
5526;2725;52;Usti nad Orlici;98:11:08;69624.0;1934.0;36;running and OK
6852;9140;32;Ceska Lipa;98:11:10;16032.0;334.0;48;running and OK
6469;7180;7;Melnik;98:11:17;99744.0;4156.0;24;running and OK
6168;5698;1;Hl.m. Praha;98:11:21;99216.0;2756.0;36;running and OK
7292;11317;50;Svitavy;98:11:22;317460.0;5291.0;60;running and OK
5036;309;14;Ceske Budejovice;98:11:25;91248.0;1901.0;48;running and OK
5644;3293;1;Hl.m. Praha;98:11:27;276084.0;7669.0;36;running and OK
