loan_id;account_id;district_id;district_name;start_date;amount;payments;duration;status
5351;1978;57;Hodonin;94:12:04;205200.0;5700.0;36;finished and payed
5861;4337;29;Rokycany;94:12:08;51408.0;2142.0;24;finished and payed
5450;2345;5;Kolin;94:12:11;199680.0;3328.0;60;running and OK
7142;10451;1;Hl.m. Praha;94:12:19;482940.0;8049.0;60;runnind and debt
6306;6425;31;Tachov;94:12:20;36684.0;3057.0;12;finished and payed
6272;6226;74;Ostrava - mesto;94:12:20;398640.0;6644.0;60;running and OK
5044;344;54;Brno - mesto;94:12:21;100980.0;1683.0;60;running and OK
5576;2962;1;Hl.m. Praha;94:12:21;31248.0;2604.0;12;finished and payed
7192;10738;45;Jicin;94:12:21;115992.0;3222.0;36;finished and payed
