loan_id;account_id;district_id;district_name;start_date;amount;payments;duration;status
6647;8051;1;Hl.m. Praha;94:06:01;208320.0;4340.0;48;finished and payed
7137;10439;66;Zdar nad Sazavou;94:06:03;151560.0;6315.0;24;finished and payed
6903;9337;30;Sokolov;94:06:04;52128.0;2172.0;24;finished and payed
5918;4576;27;Plzen - jih;94:06:04;300204.0;8339.0;36;finished and payed
6642;8027;44;Chrudim;94:06:05;77640.0;6470.0;12;finished and payed
6210;5927;15;Cesky Krumlov;94:06:06;87216.0;1817.0;48;finished and not payed
6279;6273;38;Louny;94:06:07;87360.0;3640.0;24;finished and payed
7249;11065;11;Praha - zapad;94:06:12;69360.0;1445.0;48;finished and payed
6736;8558;1;Hl.m. Praha;94:06:14;288360.0;4806.0;60;running and OK
6112;5442;34;Chomutov;94:06:17;174744.0;7281.0;24;finished and not payed
5319;1811;40;Teplice;94:06:23;239460.0;3991.0;60;running and OK
6596;7844;1;Hl.m. Praha;94:06:25;91584.0;3816.0;24;finished and payed
5837;4260;56;Breclav;94:06:29;244560.0;4076.0;60;running and OK
