loan_id;account_id;district_id;district_name;start_date;amount;payments;duration;status
6535;7546;43;Hradec Kralove;95:11:02;41952.0;3496.0;12;finished and payed
5449;2343;68;Frydek - Mistek;95:11:04;99336.0;4139.0;24;finished and payed
6342;6609;16;Jindrichuv Hradec;95:11:12;60156.0;1671.0;36;finished and not payed
5409;2218;19;Prachatice;95:11:18;182040.0;3034.0;60;running and OK
6955;9627;65;Znojmo;95:11:22;244368.0;5091.0;48;running and OK
6985;9731;54;Brno - mesto;95:11:22;113796.0;3161.0;36;finished and payed
5125;789;39;Most;95:11:23;73056.0;1522.0;48;running and OK
5805;4081;11;Praha - zapad;95:11:28;137904.0;5746.0;24;finished and not payed
6185;5774;1;Hl.m. Praha;95:11:28;31176.0;1299.0;24;finished and payed
