loan_id;account_id;district_id;district_name;start_date;amount;payments;duration;status
5301;1698;68;Frydek - Mistek;96:07:06;141948.0;3943.0;36;running and OK
7034;10001;24;Karlovy Vary;96:07:11;19044.0;529.0;36;running and OK
6751;8680;17;Pelhrimov;96:07:14;85716.0;2381.0;36;running and OK
6667;8127;37;Litomerice;96:07:15;155880.0;6495.0;24;finished and payed
6130;5541;43;Hradec Kralove;96:07:18;32640.0;680.0;48;running and OK
5429;2268;1;Hl.m. Praha;96:07:18;20196.0;561.0;36;running and OK
5725;3679;64;Zlin;96:07:23;444864.0;9268.0;48;running and OK
6019;5033;54;Brno - mesto;96:07:25;11400.0;950.0;12;finished and payed
6421;6985;38;Louny;96:07:25;96768.0;2688.0;36;running and OK
6992;9790;52;Usti nad Orlici;96:07:27;133968.0;2791.0;48;running and OK
5136;846;72;Olomouc;96:07:28;187104.0;7796.0;24;finished and payed
5337;1886;32;Ceska Lipa;96:07:31;162468.0;4513.0;36;running and OK
