loan_id;account_id;district_id;district_name;start_date;amount;payments;duration;status
5657;3354;63;Vyskov;94:07:05;4980.0;415.0;12;finished and payed
5533;2762;19;Prachatice;94:07:05;111384.0;4641.0;24;finished and payed
6232;6051;56;Breclav;94:07:08;276660.0;7685.0;36;finished and not payed
6888;9265;1;Hl.m. Praha;94:07:11;39576.0;3298.0;12;finished and payed
6066;5228;77;Vsetin;94:07:11;173808.0;7242.0;24;finished and payed
5549;2824;11;Praha - zapad;94:07:16;50460.0;841.0;60;running and OK
5060;426;1;Hl.m. Praha;94:07:19;252060.0;4201.0;60;runnind and debt
6004;4937;12;Pribram;94:07:23;143904.0;5996.0;24;finished and payed
5126;790;54;Brno - mesto;94:07:24;208128.0;4336.0;48;finished and not payed
7220;10911;1;Hl.m. Praha;94:07:28;131292.0;3647.0;36;finished and payed
6668;8129;45;Jicin;94:07:30;74736.0;2076.0;36;finished and payed
5395;2176;67;Bruntal;94:07:30;299088.0;8308.0;36;finished and not payed
