loan_id;account_id;district_id;district_name;start_date;amount;payments;duration;status
5377;2116;70;Karvina;97:08:04;92400.0;7700.0;12;finished and payed
5446;2334;50;Svitavy;97:08:04;48312.0;2013.0;24;running and OK
5856;4320;61;Trebic;97:08:09;51360.0;4280.0;12;finished and not payed
4986;97;74;Ostrava - mesto;97:08:10;102876.0;8573.0;12;finished and payed
7001;9859;27;Plzen - jih;97:08:10;300600.0;5010.0;60;running and OK
6677;8169;29;Rokycany;97:08:12;97980.0;1633.0;60;running and OK
6665;8114;59;Kromeriz;97:08:15;99300.0;1655.0;60;running and OK
5817;4127;50;Svitavy;97:08:15;100800.0;4200.0;24;runnind and debt
6984;9730;54;Brno - mesto;97:08:15;116040.0;1934.0;60;running and OK
6541;7565;59;Kromeriz;97:08:17;153504.0;3198.0;48;running and OK
5117;718;1;Hl.m. Praha;97:08:20;76944.0;6412.0;12;finished and payed
6097;5362;76;Sumperk;97:08:21;202848.0;4226.0;48;running and OK
5389;2165;51;Trutnov;97:08:22;78600.0;3275.0;24;running and OK
7219;10905;32;Ceska Lipa;97:08:23;57120.0;1190.0;48;running and OK
6338;6592;1;Hl.m. Praha;97:08:24;390660.0;6511.0;60;running and OK
6922;9424;54;Brno - mesto;97:08:26;83628.0;2323.0;36;running and OK
5367;2064;54;Brno - mesto;97:08:26;83628.0;2323.0;36;running and OK
5638;3249;74;Ostrava - mesto;97:08:27;68124.0;5677.0;12;finished and payed
5830;4190;62;Uherske Hradiste;97:08:28;405780.0;6763.0;60;running and OK
5338;1888;6;Kutna Hora;97:08:30;57360.0;4780.0;12;finished and not payed
6007;4949;33;Decin;97:08:30;289920.0;6040.0;48;running and OK
6612;7907;70;Karvina;97:08:31;97392.0;8116.0;12;finished and payed
