loan_id;account_id;district_id;district_name;start_date;amount;payments;duration;status
6855;9153;9;Nymburk;98:03:01;52236.0;1451.0;36;running and OK
7129;10404;1;Hl.m. Praha;98:03:01;194280.0;3238.0;60;running and OK
5384;2142;42;Havlickuv Brod;98:03:07;23328.0;1944.0;12;running and OK
6859;9167;56;Breclav;98:03:07;272220.0;4537.0;60;running and OK
5772;3906;52;Usti nad Orlici;98:03:08;334620.0;5577.0;60;running and OK
5665;3390;12;Pribram;98:03:11;40632.0;3386.0;12;running and OK
6495;7274;11;Praha - zapad;98:03:12;49044.0;4087.0;12;running and OK
5061;440;29;Rokycany;98:03:13;84288.0;1756.0;48;running and OK
6948;9560;1;Hl.m. Praha;98:03:15;157068.0;4363.0;36;running and OK
5773;3907;37;Litomerice;98:03:16;133848.0;5577.0;24;running and OK
6052;5164;5;Kolin;98:03:23;22356.0;621.0;36;running and OK
6682;8225;50;Svitavy;98:03:30;36204.0;3017.0;12;runnind and debt
6083;5305;47;Pardubice;98:03:31;240528.0;5011.0;48;running and OK
