loan_id;account_id;district_id;district_name;start_date;amount;payments;duration;status
7227;10942;44;Chrudim;95:10:02;314520.0;5242.0;60;running and OK
6600;7861;34;Chomutov;95:10:08;21852.0;607.0;36;finished and payed
6712;8405;20;Strakonice;95:10:14;266220.0;4437.0;60;running and OK
7057;10093;1;Hl.m. Praha;95:10:20;231696.0;6436.0;36;finished and payed
7176;10663;11;Praha - zapad;95:10:28;260028.0;7223.0;36;finished and payed
7304;11349;1;Hl.m. Praha;95:10:29;419880.0;6998.0;60;running and OK
6362;6738;62;Uherske Hradiste;95:10:31;37908.0;3159.0;12;finished and payed
5880;4423;39;Most;95:10:31;73836.0;2051.0;36;finished and payed
