loan_id;account_id;district_id;district_name;start_date;amount;payments;duration;status
5241;1389;34;Chomutov;98:09:02;125472.0;5228.0;24;running and OK
7096;10257;27;Plzen - jih;98:09:02;37812.0;3151.0;12;running and OK
6078;5283;15;Cesky Krumlov;98:09:09;170832.0;3559.0;48;running and OK
5046;349;72;Olomouc;98:09:09;42816.0;3568.0;12;running and OK
5334;1876;1;Hl.m. Praha;98:09:10;209040.0;8710.0;24;running and OK
6969;9673;76;Sumperk;98:09:12;88200.0;2450.0;36;running and OK
6821;9037;1;Hl.m. Praha;98:09:15;321936.0;6707.0;48;running and OK
5760;3862;1;Hl.m. Praha;98:09:18;74916.0;2081.0;36;running and OK
5614;3137;39;Most;98:09:21;253560.0;4226.0;60;running and OK
7091;10243;44;Chrudim;98:09:22;113436.0;3151.0;36;running and OK
5698;3556;58;Jihlava;98:09:22;174840.0;2914.0;60;running and OK
5169;1068;52;Usti nad Orlici;98:09:24;253200.0;4220.0;60;running and OK
7294;11327;7;Melnik;98:09:27;39168.0;1632.0;24;running and OK
5318;1808;28;Plzen - sever;98:09:30;385584.0;8033.0;48;running and OK
