loan_id;account_id;district_id;district_name;start_date;amount;payments;duration;status
6704;8377;29;Rokycany;95:06:01;417060.0;6951.0;60;running and OK
6474;7190;49;Semily;95:06:06;63360.0;1056.0;60;running and OK
6676;8159;26;Plzen - mesto;95:06:13;29784.0;1241.0;24;finished and payed
6965;9656;61;Trebic;95:06:13;139536.0;5814.0;24;finished and payed
6725;8489;19;Prachatice;95:06:23;265320.0;7370.0;36;finished and payed
7166;10630;41;Usti nad Labem;95:06:24;198240.0;8260.0;24;finished and payed
