loan_id;account_id;district_id;district_name;start_date;amount;payments;duration;status
5495;2580;60;Prostejov;96:08:02;89340.0;1489.0;60;running and OK
7013;9928;60;Prostejov;96:08:02;89340.0;1489.0;60;running and OK
6012;4994;1;Hl.m. Praha;96:08:03;258444.0;7179.0;36;running and OK
6471;7184;5;Kolin;96:08:04;155640.0;6485.0;24;finished and payed
6296;6358;3;Beroun;96:08:06;270384.0;5633.0;48;running and OK
7305;11359;61;Trebic;96:08:06;54024.0;4502.0;12;finished and payed
6144;5593;15;Cesky Krumlov;96:08:09;44376.0;3698.0;12;finished and payed
6283;6289;64;Zlin;96:08:11;85632.0;1784.0;48;running and OK
7246;11054;59;Kromeriz;96:08:20;148920.0;2482.0;60;running and OK
5088;544;32;Ceska Lipa;96:08:22;91152.0;3798.0;24;finished and payed
5988;4851;52;Usti nad Orlici;96:08:22;141648.0;5902.0;24;finished and payed
5282;1583;69;Jesenik;96:08:24;388512.0;8094.0;48;runnind and debt
5938;4650;4;Kladno;96:08:25;402000.0;6700.0;60;running and OK
5606;3084;59;Kromeriz;96:08:28;253512.0;7042.0;36;runnind and debt
