loan_id;account_id;district_id;district_name;start_date;amount;payments;duration;status
6856;9156;18;Pisek;98:12:01;163332.0;4537.0;36;running and OK
5428;2262;13;Rakovnik;98:12:02;230220.0;6395.0;36;running and OK
5027;276;38;Louny;98:12:02;160920.0;4470.0;36;running and OK
4989;105;21;Tabor;98:12:05;352704.0;7348.0;48;running and OK
5221;1284;55;Brno - venkov;98:12:05;52512.0;4376.0;12;running and OK
6402;6922;3;Beroun;98:12:06;139488.0;5812.0;24;running and OK
5346;1928;70;Karvina;98:12:06;55632.0;2318.0;24;running and OK
6748;8645;60;Prostejov;98:12:08;240900.0;4015.0;60;running and OK
