loan_id;account_id;district_id;district_name;start_date;amount;payments;duration;status
5368;2073;59;Kromeriz;98:10:05;44640.0;1860.0;24;running and OK
6923;9433;59;Kromeriz;98:10:05;44640.0;1860.0;24;running and OK
5463;2413;33;Decin;98:10:06;17952.0;1496.0;12;running and OK
5265;1498;62;Uherske Hradiste;98:10:07;165780.0;2763.0;60;running and OK
6321;6505;7;Melnik;98:10:08;38496.0;3208.0;12;running and OK
5226;1318;56;Breclav;98:10:11;185544.0;5154.0;36;running and OK
6868;9208;29;Rokycany;98:10:12;82128.0;3422.0;24;running and OK
4967;37;20;Strakonice;98:10:14;318480.0;5308.0;60;runnind and debt
5293;1656;47;Pardubice;98:10:29;189792.0;3954.0;48;running and OK
5865;4354;38;Louny;98:10:30;327660.0;5461.0;60;running and OK
