loan_id;account_id;district_id;district_name;start_date;amount;payments;duration;status
5453;2361;28;Plzen - sever;95:04:01;156672.0;4352.0;36;finished and payed
5740;3752;1;Hl.m. Praha;95:04:02;18564.0;1547.0;12;finished and payed
5804;4079;52;Usti nad Orlici;95:04:05;158976.0;3312.0;48;running and OK
6745;8625;64;Zlin;95:04:10;47304.0;1971.0;24;finished and payed
6950;9591;74;Ostrava - mesto;95:04:11;104712.0;4363.0;24;finished and payed
6996;9828;11;Praha - zapad;95:04:13;126600.0;5275.0;24;finished and payed
5352;1993;68;Frydek - Mistek;95:04:15;68400.0;5700.0;12;finished and not payed
6151;5628;61;Trebic;95:04:25;225420.0;3757.0;60;running and OK
5310;1762;28;Plzen - sever;95:04:28;248148.0;6893.0;36;finished and payed
