loan_id;account_id;district_id;district_name;start_date;amount;payments;duration;status
7147;10478;70;Karvina;98:01:02;267600.0;5575.0;48;running and OK
5909;4550;56;Breclav;98:01:03;61320.0;1022.0;60;running and OK
7037;10022;1;Hl.m. Praha;98:01:03;218064.0;4543.0;48;running and OK
5782;3953;1;Hl.m. Praha;98:01:04;63576.0;5298.0;12;running and OK
6237;6075;19;Prachatice;98:01:06;407952.0;8499.0;48;runnind and debt
6552;7632;68;Frydek - Mistek;98:01:08;170448.0;3551.0;48;running and OK
7067;10134;22;Domazlice;98:01:11;136368.0;5682.0;24;running and OK
5320;1819;55;Brno - venkov;98:01:11;143676.0;3991.0;36;running and OK
5930;4616;1;Hl.m. Praha;98:01:12;66696.0;2779.0;24;running and OK
6486;7240;17;Pelhrimov;98:01:15;152160.0;2536.0;60;running and OK
5245;1407;19;Prachatice;98:01:17;125472.0;5228.0;24;running and OK
6643;8038;47;Pardubice;98:01:18;35856.0;1494.0;24;running and OK
5260;1480;41;Usti nad Labem;98:01:19;123300.0;3425.0;36;running and OK
5569;2936;3;Beroun;98:01:20;504000.0;8400.0;60;running and OK
7110;10345;36;Liberec;98:01:21;31260.0;2605.0;12;running and OK
7139;10445;72;Olomouc;98:01:22;23412.0;1951.0;12;running and OK
6791;8926;1;Hl.m. Praha;98:01:23;566640.0;9444.0;60;running and OK
5360;2035;53;Blansko;98:01:25;176328.0;4898.0;36;running and OK
5287;1638;6;Kutna Hora;98:01:26;64224.0;2676.0;24;running and OK
6553;7636;40;Teplice;98:01:26;42384.0;3532.0;12;running and OK
7072;10148;34;Chomutov;98:01:27;22104.0;1842.0;12;running and OK
6044;5133;68;Frydek - Mistek;98:01:27;57060.0;4755.0;12;running and OK
5332;1869;1;Hl.m. Praha;98:01:29;37944.0;1054.0;36;running and OK
