loan_id;account_id;district_id;district_name;start_date;amount;payments;duration;status
5584;2986;63;Vyskov;97:12:06;24792.0;1033.0;24;running and OK
4988;103;44;Chrudim;97:12:06;265320.0;7370.0;36;runnind and debt
6502;7424;68;Frydek - Mistek;97:12:08;30276.0;2523.0;12;finished and payed
5651;3329;3;Beroun;97:12:08;19248.0;1604.0;12;finished and payed
4962;25;68;Frydek - Mistek;97:12:08;30276.0;2523.0;12;finished and payed
5862;4342;74;Ostrava - mesto;97:12:09;100128.0;4172.0;24;running and OK
7199;10789;75;Prerov;97:12:09;45768.0;3814.0;12;finished and payed
6727;8505;70;Karvina;97:12:10;42840.0;3570.0;12;finished and payed
7279;11244;33;Decin;97:12:11;155760.0;6490.0;24;running and OK
6544;7594;16;Jindrichuv Hradec;97:12:11;130464.0;2718.0;48;running and OK
5933;4631;77;Vsetin;97:12:13;87528.0;3647.0;24;running and OK
6574;7745;2;Benesov;97:12:20;77544.0;2154.0;36;running and OK
6399;6902;60;Prostejov;97:12:21;49320.0;1370.0;36;running and OK
7187;10711;36;Liberec;97:12:24;24180.0;403.0;60;running and OK
6353;6686;61;Trebic;97:12:25;116496.0;4854.0;24;running and OK
5043;339;46;Nachod;97:12:25;468060.0;7801.0;60;running and OK
5469;2445;52;Usti nad Orlici;97:12:26;293160.0;4886.0;60;running and OK
5976;4794;72;Olomouc;97:12:27;465504.0;9698.0;48;runnind and debt
6059;5196;13;Rakovnik;97:12:28;79824.0;6652.0;12;finished and payed
5799;4052;36;Liberec;97:12:28;106128.0;2948.0;36;running and OK
6147;5602;19;Prachatice;97:12:28;177504.0;3698.0;48;running and OK
6254;6157;34;Chomutov;97:12:28;247920.0;5165.0;48;running and OK
7100;10280;69;Jesenik;97:12:31;348120.0;5802.0;60;running and OK
