loan_id;account_id;district_id;district_name;start_date;amount;payments;duration;status
6962;9646;1;Hl.m. Praha;98:04:02;279072.0;5814.0;48;running and OK
5158;1004;70;Karvina;98:04:11;188532.0;5237.0;36;running and OK
6464;7156;71;Novy Jicin;98:04:16;49488.0;2062.0;24;running and OK
5172;1083;45;Jicin;98:04:16;50976.0;1416.0;36;running and OK
5582;2982;19;Prachatice;98:04:17;41256.0;3438.0;12;running and OK
6136;5572;15;Cesky Krumlov;98:04:19;140880.0;2348.0;60;running and OK
6235;6062;24;Karlovy Vary;98:04:19;321360.0;5356.0;60;running and OK
6508;7437;19;Prachatice;98:04:19;110736.0;2307.0;48;running and OK
4968;38;19;Prachatice;98:04:19;110736.0;2307.0;48;running and OK
6632;7990;9;Nymburk;98:04:23;144960.0;3020.0;48;running and OK
7195;10774;46;Nachod;98:04:23;339168.0;7066.0;48;running and OK
5525;2720;2;Benesov;98:04:27;93888.0;2608.0;36;running and OK
6320;6495;6;Kutna Hora;98:04:28;104964.0;8747.0;12;running and OK
6766;8784;1;Hl.m. Praha;98:04:28;74352.0;3098.0;24;running and OK
6872;9227;51;Trutnov;98:04:29;191580.0;3193.0;60;running and OK
