loan_id;account_id;district_id;district_name;start_date;amount;payments;duration;status
4959;2;1;Hl.m. Praha;94:01:05;80952.0;3373.0;24;finished and payed
6499;7401;1;Hl.m. Praha;94:01:05;80952.0;3373.0;24;finished and payed
5479;2486;1;Hl.m. Praha;94:01:10;24516.0;2043.0;12;finished and payed
5170;1071;68;Frydek - Mistek;94:01:20;253200.0;4220.0;60;running and OK
6721;8475;4;Kladno;94:01:21;21072.0;878.0;24;finished and payed
7259;11111;1;Hl.m. Praha;94:01:31;108144.0;3004.0;36;finished and payed
