loan_id;account_id;district_id;district_name;start_date;amount;payments;duration;status
6137;5574;13;Rakovnik;96:04:10;44628.0;3719.0;12;finished and payed
5128;808;69;Jesenik;96:04:11;215616.0;4492.0;48;runnind and debt
5470;2456;65;Znojmo;96:04:15;200976.0;4187.0;48;running and OK
5593;3037;44;Chrudim;96:04:18;277884.0;7719.0;36;runnind and debt
5350;1967;26;Plzen - mesto;96:04:21;249312.0;5194.0;48;running and OK
6063;5213;1;Hl.m. Praha;96:04:25;320976.0;6687.0;48;runnind and debt
6501;7418;21;Tabor;96:04:29;30276.0;2523.0;12;finished and not payed
5452;2352;70;Karvina;96:04:29;49440.0;824.0;60;running and OK
4961;19;21;Tabor;96:04:29;30276.0;2523.0;12;finished and not payed
