loan_id;account_id;district_id;district_name;start_date;amount;payments;duration;status
6229;6040;1;Hl.m. Praha;94:10:02;11736.0;489.0;24;finished and payed
5887;4448;60;Prostejov;94:10:03;192744.0;5354.0;36;finished and payed
6808;8982;64;Zlin;94:10:12;227880.0;6330.0;36;finished and payed
6297;6363;74;Ostrava - mesto;94:10:25;17508.0;1459.0;12;finished and payed
5161;1012;65;Znojmo;94:10:28;98184.0;4091.0;24;finished and payed
5390;2167;16;Jindrichuv Hradec;94:10:30;170256.0;7094.0;24;finished and payed
