loan_id;account_id;district_id;district_name;start_date;amount;payments;duration;status
6076;5269;49;Semily;97:02:02;117420.0;1957.0;60;running and OK
5134;825;19;Prachatice;97:02:02;53076.0;4423.0;12;finished and payed
5419;2246;1;Hl.m. Praha;97:02:05;415800.0;6930.0;60;running and OK
6255;6158;67;Bruntal;97:02:08;247920.0;5165.0;48;runnind and debt
5656;3353;74;Ostrava - mesto;97:02:09;146064.0;6086.0;24;running and OK
6934;9494;21;Tabor;97:02:09;116832.0;9736.0;12;finished and payed
6028;5072;6;Kutna Hora;97:02:09;317520.0;5292.0;60;running and OK
6490;7262;70;Karvina;97:02:10;73260.0;1221.0;60;running and OK
6415;6950;36;Liberec;97:02:12;475680.0;9910.0;48;running and OK
7087;10215;38;Louny;97:02:20;44304.0;1846.0;24;running and OK
5420;2247;24;Karlovy Vary;97:02:24;72504.0;3021.0;24;running and OK
5977;4803;26;Plzen - mesto;97:02:25;59136.0;1232.0;48;running and OK
6824;9052;43;Hradec Kralove;97:02:26;71976.0;2999.0;24;runnind and debt
5207;1244;68;Frydek - Mistek;97:02:28;35904.0;748.0;48;running and OK
