loan_id;account_id;district_id;district_name;start_date;amount;payments;duration;status
5154;993;6;Kutna Hora;98:07:01;108720.0;1812.0;60;running and OK
7168;10645;2;Benesov;98:07:05;208332.0;5787.0;36;running and OK
5585;2988;66;Zdar nad Sazavou;98:07:08;88608.0;7384.0;12;running and OK
7200;10799;76;Sumperk;98:07:11;31140.0;519.0;60;running and OK
6539;7559;56;Breclav;98:07:11;12792.0;1066.0;12;running and OK
5774;3916;8;Mlada Boleslav;98:07:12;96984.0;2694.0;36;running and OK
6357;6706;38;Louny;98:07:12;64860.0;1081.0;60;running and OK
5042;330;42;Havlickuv Brod;98:07:12;331584.0;6908.0;48;running and OK
5015;226;70;Karvina;98:07:12;109344.0;9112.0;12;running and OK
5354;2000;5;Kolin;98:07:14;290820.0;4847.0;60;running and OK
6054;5180;54;Brno - mesto;98:07:16;58764.0;4897.0;12;running and OK
7295;11328;54;Brno - mesto;98:07:18;280440.0;4674.0;60;running and OK
5365;2055;37;Litomerice;98:07:19;271260.0;4521.0;60;running and OK
6755;8713;53;Blansko;98:07:24;170700.0;2845.0;60;running and OK
5991;4858;67;Bruntal;98:07:27;335184.0;6983.0;48;runnind and debt
7035;10005;64;Zlin;98:07:29;210744.0;5854.0;36;running and OK
