loan_id;account_id;district_id;district_name;start_date;amount;payments;duration;status
5741;3754;37;Litomerice;96:11:03;68544.0;2856.0;24;finished and payed
4996;132;40;Teplice;96:11:06;88440.0;7370.0;12;finished and payed
6015;5001;53;Blansko;96:11:09;110112.0;4588.0;24;finished and payed
6309;6434;1;Hl.m. Praha;96:11:11;110136.0;4589.0;24;finished and payed
6073;5263;64;Zlin;96:11:12;276300.0;4605.0;60;running and OK
6006;4948;43;Hradec Kralove;96:11:15;359760.0;5996.0;60;running and OK
5611;3115;14;Ceske Budejovice;96:11:15;321180.0;5353.0;60;running and OK
6944;9548;62;Uherske Hradiste;96:11:15;46176.0;962.0;48;running and OK
7101;10297;14;Ceske Budejovice;96:11:18;421008.0;8771.0;48;running and OK
6599;7859;52;Usti nad Orlici;96:11:19;72120.0;6010.0;12;finished and payed
6940;9510;1;Hl.m. Praha;96:11:22;228276.0;6341.0;36;running and OK
5209;1250;62;Uherske Hradiste;96:11:25;182640.0;3805.0;48;running and OK
5388;2153;31;Tachov;96:11:28;61560.0;5130.0;12;finished and payed
6011;4981;54;Brno - mesto;96:11:28;179328.0;3736.0;48;running and OK
