loan_id;account_id;district_id;district_name;start_date;amount;payments;duration;status
6150;5622;70;Karvina;94:11:02;83016.0;6918.0;12;finished and payed
6223;5991;1;Hl.m. Praha;94:11:03;61056.0;1272.0;48;finished and payed
5032;290;56;Breclav;94:11:03;123696.0;2577.0;48;finished and payed
6253;6148;74;Ostrava - mesto;94:11:04;59760.0;2490.0;24;finished and payed
6460;7133;1;Hl.m. Praha;94:11:06;48672.0;1352.0;36;finished and payed
6645;8041;1;Hl.m. Praha;94:11:06;140400.0;3900.0;36;finished and payed
5176;1106;20;Strakonice;94:11:12;192552.0;8023.0;24;finished and not payed
5269;1527;31;Tachov;94:11:19;164052.0;4557.0;36;finished and not payed
