loan_id;account_id;district_id;district_name;start_date;amount;payments;duration;status
7243;11042;72;Olomouc;95:12:04;217152.0;6032.0;36;finished and payed
6403;6924;74;Ostrava - mesto;95:12:05;194880.0;4060.0;48;running and OK
6578;7765;52;Usti nad Orlici;95:12:11;27984.0;2332.0;12;finished and payed
5413;2227;31;Tachov;95:12:12;92976.0;3874.0;24;finished and payed
6949;9583;31;Tachov;95:12:12;104712.0;4363.0;24;finished and payed
6545;7606;21;Tabor;95:12:12;191880.0;3198.0;60;running and OK
6178;5742;74;Ostrava - mesto;95:12:16;232560.0;4845.0;48;running and OK
5160;1011;45;Jicin;95:12:18;204000.0;3400.0;60;running and OK
6785;8899;1;Hl.m. Praha;95:12:25;125340.0;2089.0;60;running and OK
6540;7562;72;Olomouc;95:12:31;309600.0;6450.0;48;running and OK
