loan_id;account_id;district_id;district_name;start_date;amount;payments;duration;status
6836;9093;47;Pardubice;94:08:03;189300.0;3155.0;60;running and OK
6064;5215;55;Brno - venkov;94:08:04;14628.0;1219.0;12;finished and payed
6919;9403;1;Hl.m. Praha;94:08:05;120888.0;3358.0;36;finished and payed
6841;9104;10;Praha - vychod;94:08:07;172080.0;3585.0;48;finished and payed
6038;5120;1;Hl.m. Praha;94:08:10;323472.0;6739.0;48;finished and payed
6729;8519;23;Cheb;94:08:11;74688.0;6224.0;12;finished and payed
7198;10788;67;Bruntal;94:08:23;45768.0;3814.0;12;finished and payed
6686;8260;31;Tachov;94:08:25;224604.0;6239.0;36;finished and payed
5836;4259;66;Zdar nad Sazavou;94:08:27;79632.0;3318.0;24;finished and payed
7061;10105;55;Brno - venkov;94:08:27;121896.0;5079.0;24;finished and payed
