loan_id;account_id;district_id;district_name;start_date;amount;payments;duration;status
4973;67;16;Jindrichuv Hradec;96:05:02;165960.0;6915.0;24;finished and payed
6190;5794;70;Karvina;96:05:06;123600.0;2060.0;60;running and OK
6715;8411;20;Strakonice;96:05:06;220620.0;3677.0;60;running and OK
5892;4462;73;Opava;96:05:14;66480.0;2770.0;24;finished and not payed
6550;7614;62;Uherske Hradiste;96:05:18;320592.0;6679.0;48;running and OK
5706;3608;72;Olomouc;96:05:24;161496.0;4486.0;36;running and OK
5148;940;37;Litomerice;96:05:29;284280.0;4738.0;60;running and OK
6734;8547;14;Ceske Budejovice;96:05:30;173016.0;4806.0;36;running and OK
