loan_id;account_id;district_id;district_name;start_date;amount;payments;duration;status
6228;6034;6;Kutna Hora;93:12:01;464520.0;7742.0;60;finished and not payed
6356;6701;49;Semily;93:12:08;95400.0;2650.0;36;finished and payed
5523;2705;63;Vyskov;93:12:08;93888.0;2608.0;36;finished and payed
6456;7123;64;Zlin;93:12:09;47016.0;3918.0;12;finished and payed
7104;10320;68;Frydek - Mistek;93:12:13;259740.0;4329.0;60;finished and payed
6820;9034;1;Hl.m. Praha;93:12:16;38148.0;3179.0;12;finished and payed
6876;9236;11;Praha - zapad;93:12:21;86616.0;7218.0;12;finished and payed
7097;10266;54;Brno - mesto;93:12:23;75624.0;3151.0;24;finished and not payed
