loan_id;account_id;district_id;district_name;start_date;amount;payments;duration;status
5045;347;65;Znojmo;95:05:01;187224.0;7801.0;24;finished and not payed
6929;9472;1;Hl.m. Praha;95:05:08;36396.0;3033.0;12;finished and payed
5151;960;4;Kladno;95:05:24;189060.0;3151.0;60;running and OK
5212;1256;38;Louny;95:05:29;71064.0;1974.0;36;finished and payed
5138;854;62;Uherske Hradiste;95:05:30;87216.0;1817.0;48;running and OK
5713;3629;48;Rychnov nad Kneznou;95:05:30;158760.0;2646.0;60;running and OK
