loan_id;account_id;district_id;district_name;start_date;amount;payments;duration;status
7271;11186;12;Pribram;96:10:02;392460.0;6541.0;60;running and OK
5375;2106;1;Hl.m. Praha;96:10:03;101520.0;8460.0;12;finished and payed
5635;3230;1;Hl.m. Praha;96:10:04;77184.0;2144.0;36;running and OK
6817;9024;1;Hl.m. Praha;96:10:04;70656.0;1472.0;48;running and OK
5923;4585;27;Plzen - jih;96:10:10;64656.0;1347.0;48;running and OK
5329;1862;19;Prachatice;96:10:16;396120.0;6602.0;60;running and OK
6644;8039;9;Nymburk;96:10:20;93600.0;3900.0;24;finished and payed
6354;6688;16;Jindrichuv Hradec;96:10:23;22968.0;638.0;36;running and OK
5082;501;13;Rakovnik;96:10:24;262980.0;4383.0;60;running and OK
6585;7795;64;Zlin;96:10:29;372120.0;6202.0;60;running and OK
6921;9422;70;Karvina;96:10:29;86184.0;7182.0;12;finished and payed
5366;2062;70;Karvina;96:10:29;86184.0;7182.0;12;finished and payed
5886;4447;62;Uherske Hradiste;96:10:31;192744.0;5354.0;36;running and OK
