loan_id;account_id;district_id;district_name;start_date;amount;payments;duration;status
5878;4415;73;Opava;97:04:01;74040.0;6170.0;12;finished and payed
5110;675;58;Jihlava;97:04:01;102240.0;1704.0;60;running and OK
5210;1252;13;Rakovnik;97:04:01;148140.0;4115.0;36;running and OK
7230;10954;25;Klatovy;97:04:02;18720.0;312.0;60;running and OK
5005;176;71;Novy Jicin;97:04:10;27456.0;2288.0;12;finished and payed
6871;9225;11;Praha - zapad;97:04:13;164256.0;3422.0;48;running and OK
5363;2051;64;Zlin;97:04:22;293880.0;4898.0;60;runnind and debt
7253;11079;16;Jindrichuv Hradec;97:04:26;98304.0;8192.0;12;finished and payed
6055;5181;75;Prerov;97:04:28;399120.0;6652.0;60;running and OK
5072;472;8;Mlada Boleslav;97:04:28;196800.0;8200.0;24;runnind and debt
6913;9377;1;Hl.m. Praha;97:04:29;99936.0;4164.0;24;running and OK
6386;6856;43;Hradec Kralove;97:04:30;124344.0;3454.0;36;running and OK
