loan_id;account_id;district_id;district_name;start_date;amount;payments;duration;status
5739;3747;1;Hl.m. Praha;95:01:02;76380.0;6365.0;12;finished and payed
6526;7523;63;Vyskov;95:01:03;288468.0;8013.0;36;finished and payed
5624;3166;71;Novy Jicin;95:01:03;177744.0;3703.0;48;runnind and debt
6244;6118;1;Hl.m. Praha;95:01:08;270648.0;7518.0;36;finished and not payed
5131;816;52;Usti nad Orlici;95:01:08;48624.0;2026.0;24;finished and payed
6960;9640;1;Hl.m. Praha;95:01:11;76416.0;3184.0;24;finished and payed
6358;6715;48;Rychnov nad Kneznou;95:01:14;137880.0;2298.0;60;runnind and debt
5418;2245;29;Rokycany;95:01:16;347952.0;7249.0;48;running and OK
6598;7857;75;Prerov;95:01:18;68112.0;5676.0;12;finished and payed
5464;2419;24;Karlovy Vary;95:01:30;95808.0;7984.0;12;finished and payed
