loan_id;account_id;district_id;district_name;start_date;amount;payments;duration;status
6227;6030;47;Pardubice;95:03:04;28248.0;1177.0;24;finished and payed
7241;11021;1;Hl.m. Praha;95:03:04;168984.0;7041.0;24;finished and not payed
6737;8564;68;Frydek - Mistek;95:03:11;76680.0;3195.0;24;finished and payed
7004;9869;12;Pribram;95:03:15;331560.0;5526.0;60;running and OK
6169;5700;42;Havlickuv Brod;95:03:16;103680.0;1728.0;60;runnind and debt
5208;1247;25;Klatovy;95:03:16;99696.0;2077.0;48;runnind and debt
6694;8316;70;Karvina;95:03:19;134784.0;5616.0;24;finished and payed
5599;3064;40;Teplice;95:03:21;15420.0;1285.0;12;finished and payed
6546;7607;1;Hl.m. Praha;95:03:27;31728.0;1322.0;24;finished and payed
5414;2228;34;Chomutov;95:03:29;185952.0;3874.0;48;running and OK
