loan_id;account_id;district_id;district_name;start_date;amount;payments;duration;status
5634;3229;64;Zlin;97:05:01;39024.0;3252.0;12;finished and payed
5758;3859;53;Blansko;97:05:02;307200.0;5120.0;60;runnind and debt
6819;9031;47;Pardubice;97:05:03;50112.0;2088.0;24;running and OK
7088;10233;27;Plzen - jih;97:05:03;239160.0;3986.0;60;running and OK
5039;314;15;Cesky Krumlov;97:05:03;66840.0;2785.0;24;running and OK
5532;2754;57;Hodonin;97:05:04;335280.0;6985.0;48;running and OK
6037;5118;72;Olomouc;97:05:04;53232.0;1109.0;48;running and OK
6322;6510;74;Ostrava - mesto;97:05:06;76992.0;3208.0;24;running and OK
6887;9263;68;Frydek - Mistek;97:05:08;39576.0;3298.0;12;finished and payed
6660;8094;67;Bruntal;97:05:09;220428.0;6123.0;36;running and OK
5451;2350;18;Pisek;97:05:11;159744.0;3328.0;48;running and OK
6014;4999;1;Hl.m. Praha;97:05:18;165168.0;4588.0;36;running and OK
5556;2872;1;Hl.m. Praha;97:05:19;268320.0;4472.0;60;running and OK
6346;6649;1;Hl.m. Praha;97:05:22;100260.0;1671.0;60;running and OK
5850;4293;64;Zlin;97:05:22;164196.0;4561.0;36;running and OK
5940;4660;63;Vyskov;97:05:28;106944.0;4456.0;24;running and OK
