loan_id;account_id;district_id;district_name;start_date;amount;payments;duration;status
5895;4473;45;Jicin;97:01:03;93960.0;1566.0;60;running and OK
7122;10365;22;Domazlice;97:01:04;260640.0;7240.0;36;runnind and debt
6173;5724;14;Ceske Budejovice;97:01:08;232560.0;4845.0;48;running and OK
6142;5591;9;Nymburk;97:01:21;221880.0;3698.0;60;running and OK
5358;2018;42;Havlickuv Brod;97:01:21;38520.0;3210.0;12;finished and payed
6095;5358;4;Kladno;97:01:24;68340.0;1139.0;60;running and OK
6878;9242;57;Hodonin;97:01:24;23184.0;1932.0;12;finished and payed
6554;7637;46;Nachod;97:01:29;390096.0;8127.0;48;running and OK
6793;8931;63;Vyskov;97:01:30;186300.0;3105.0;60;running and OK
7286;11271;5;Kolin;97:01:31;67320.0;1870.0;36;running and OK
