loan_id;account_id;district_id;district_name;start_date;amount;payments;duration;status
7119;10361;21;Tabor;97:06:02;86880.0;7240.0;12;finished and payed
5253;1447;65;Znojmo;97:06:03;100080.0;2085.0;48;running and OK
6851;9138;26;Plzen - mesto;97:06:03;272220.0;4537.0;60;runnind and debt
6695;8320;51;Trutnov;97:06:04;309660.0;5161.0;60;running and OK
6908;9353;59;Kromeriz;97:06:08;188616.0;7859.0;24;running and OK
7255;11096;28;Plzen - sever;97:06:09;213300.0;3555.0;60;running and OK
5674;3418;42;Havlickuv Brod;97:06:10;207264.0;4318.0;48;running and OK
6278;6265;5;Kolin;97:06:10;87360.0;3640.0;24;running and OK
5486;2516;6;Kutna Hora;97:06:13;466608.0;9721.0;48;running and OK
5174;1093;54;Brno - mesto;97:06:13;385104.0;8023.0;48;running and OK
6621;7957;51;Trutnov;97:06:14;42900.0;3575.0;12;finished and payed
6313;6461;50;Svitavy;97:06:15;150912.0;4192.0;36;running and OK
6435;7045;51;Trutnov;97:06:16;288720.0;6015.0;48;running and OK
6970;9677;8;Mlada Boleslav;97:06:17;31620.0;527.0;60;running and OK
6310;6440;1;Hl.m. Praha;97:06:17;34572.0;2881.0;12;finished and payed
5932;4626;9;Nymburk;97:06:18;33348.0;2779.0;12;finished and payed
6877;9241;74;Ostrava - mesto;97:06:19;285240.0;4754.0;60;running and OK
6763;8772;1;Hl.m. Praha;97:06:19;88272.0;1839.0;48;running and OK
7085;10202;70;Karvina;97:06:19;305424.0;6363.0;48;running and OK
7049;10063;4;Kladno;97:06:24;233424.0;6484.0;36;running and OK
6959;9633;70;Karvina;97:06:30;59448.0;2477.0;24;runnind and debt
