loan_id;account_id;district_id;district_name;start_date;amount;payments;duration;status
6675;8158;48;Rychnov nad Kneznou;97:11:01;238716.0;6631.0;36;running and OK
5398;2187;9;Nymburk;97:11:04;53472.0;4456.0;12;finished and payed
5956;4725;73;Opava;97:11:04;168264.0;4674.0;36;running and OK
5731;3711;3;Beroun;97:11:05;460980.0;7683.0;60;runnind and debt
6956;9631;11;Praha - zapad;97:11:09;59448.0;2477.0;24;running and OK
6437;7052;55;Brno - venkov;97:11:09;63972.0;1777.0;36;runnind and debt
5447;2335;70;Karvina;97:11:12;541200.0;9020.0;60;runnind and debt
5973;4784;46;Nachod;97:11:24;219456.0;4572.0;48;running and OK
6075;5267;4;Kladno;97:11:26;129312.0;5388.0;24;runnind and debt
5281;1580;69;Jesenik;97:11:27;194256.0;8094.0;24;running and OK
5103;666;27;Plzen - jih;97:11:28;12540.0;1045.0;12;finished and payed
6468;7176;1;Hl.m. Praha;97:11:30;203940.0;3399.0;60;running and OK
7209;10857;50;Svitavy;97:11:30;385560.0;6426.0;60;runnind and debt
