loan_id;account_id;district_id;district_name;start_date;amount;payments;duration;status
5435;2279;2;Benesov;98:06:01;314688.0;6556.0;48;running and OK
5815;4116;6;Kutna Hora;98:06:03;151200.0;4200.0;36;running and OK
5589;3005;42;Havlickuv Brod;98:06:05;390000.0;8125.0;48;running and OK
6746;8639;46;Nachod;98:06:06;185640.0;3094.0;60;running and OK
6790;8919;62;Uherske Hradiste;98:06:08;76104.0;3171.0;24;running and OK
6857;9159;64;Zlin;98:06:08;69600.0;1450.0;48;running and OK
6450;7099;1;Hl.m. Praha;98:06:10;234336.0;4882.0;48;running and OK
7221;10915;25;Klatovy;98:06:11;152460.0;2541.0;60;running and OK
5527;2728;52;Usti nad Orlici;98:06:15;156420.0;2607.0;60;running and OK
5620;3161;48;Rychnov nad Kneznou;98:06:16;30012.0;2501.0;12;running and OK
6215;5944;27;Plzen - jih;98:06:18;78720.0;1640.0;48;running and OK
7167;10644;16;Jindrichuv Hradec;98:06:18;269964.0;7499.0;36;running and OK
5823;4144;1;Hl.m. Praha;98:06:21;212976.0;5916.0;36;running and OK
6207;5912;45;Jicin;98:06:23;184620.0;3077.0;60;running and OK
6932;9491;7;Melnik;98:06:25;225504.0;4698.0;48;running and OK
5669;3403;63;Vyskov;98:06:27;71820.0;1995.0;36;running and OK
