loan_id;account_id;district_id;district_name;start_date;amount;payments;duration;status
6113;5445;72;Olomouc;97:10:01;78696.0;2186.0;36;running and OK
7181;10679;1;Hl.m. Praha;97:10:02;197808.0;8242.0;24;running and OK
6118;5477;57;Hodonin;97:10:04;349392.0;7279.0;48;running and OK
7264;11141;1;Hl.m. Praha;97:10:07;44940.0;3745.0;12;finished and payed
5343;1906;1;Hl.m. Praha;97:10:08;44952.0;1873.0;24;running and OK
5051;378;68;Frydek - Mistek;97:10:11;230400.0;3840.0;60;running and OK
5779;3942;27;Plzen - jih;97:10:14;107352.0;2982.0;36;running and OK
6605;7890;23;Cheb;97:10:14;79344.0;1653.0;48;running and OK
6655;8085;73;Opava;97:10:17;260400.0;4340.0;60;runnind and debt
6534;7542;54;Brno - mesto;97:10:19;590820.0;9847.0;60;running and OK
5681;3448;58;Jihlava;97:10:20;68664.0;2861.0;24;running and OK
6607;7894;27;Plzen - jih;97:10:21;153144.0;4254.0;36;running and OK
6242;6097;29;Rokycany;97:10:22;26208.0;728.0;36;running and OK
7242;11027;32;Ceska Lipa;97:10:23;48096.0;2004.0;24;running and OK
7277;11231;1;Hl.m. Praha;97:10:24;89280.0;7440.0;12;finished and payed
