loan_id;account_id;district_id;district_name;start_date;amount;payments;duration;status
5595;3050;60;Prostejov;94:09:02;82896.0;6908.0;12;finished and payed
5723;3674;38;Louny;94:09:10;23628.0;1969.0;12;finished and payed
6120;5481;52;Usti nad Orlici;94:09:11;209184.0;4358.0;48;finished and payed
6895;9307;68;Frydek - Mistek;94:09:19;41904.0;3492.0;12;finished and payed
5882;4427;32;Ceska Lipa;94:09:26;87816.0;7318.0;12;finished and payed
5754;3834;54;Brno - mesto;94:09:28;23052.0;1921.0;12;finished and payed
6594;7824;60;Prostejov;94:09:28;189696.0;7904.0;24;finished and not payed
6738;8566;74;Ostrava - mesto;94:09:29;230220.0;6395.0;36;finished and not payed
6624;7965;55;Brno - venkov;94:09:30;71460.0;5955.0;12;finished and payed
6216;5952;50;Svitavy;94:09:30;141240.0;5885.0;24;finished and payed
