loan_id;account_id;district_id;district_name;start_date;amount;payments;duration;status
7115;10351;23;Cheb;97:03:04;88704.0;1848.0;48;running and OK
7250;11069;37;Litomerice;97:03:04;119136.0;2482.0;48;running and OK
6010;4969;60;Prostejov;97:03:06;150180.0;2503.0;60;running and OK
6088;5317;28;Plzen - sever;97:03:07;90180.0;2505.0;36;running and OK
5682;3455;34;Chomutov;97:03:07;67464.0;5622.0;12;finished and payed
7201;10807;34;Chomutov;97:03:07;67464.0;5622.0;12;finished and payed
6938;9504;9;Nymburk;97:03:10;341280.0;5688.0;60;running and OK
6875;9235;37;Litomerice;97:03:13;83280.0;1735.0;48;running and OK
5953;4715;8;Mlada Boleslav;97:03:14;97176.0;4049.0;24;running and OK
5942;4681;70;Karvina;97:03:15;162624.0;3388.0;48;running and OK
5382;2134;52;Usti nad Orlici;97:03:17;22932.0;637.0;36;running and OK
6377;6792;1;Hl.m. Praha;97:03:17;17184.0;1432.0;12;finished and payed
5931;4618;3;Beroun;97:03:17;66696.0;2779.0;24;runnind and debt
5992;4863;5;Kolin;97:03:18;76080.0;6340.0;12;finished and payed
5790;4033;57;Hodonin;97:03:20;84288.0;1756.0;48;running and OK
6753;8688;66;Zdar nad Sazavou;97:03:20;67980.0;5665.0;12;finished and payed
6562;7674;1;Hl.m. Praha;97:03:21;94488.0;3937.0;24;running and OK
7046;10049;17;Pelhrimov;97:03:28;91632.0;7636.0;12;finished and payed
5868;4361;69;Jesenik;97:03:29;90156.0;7513.0;12;finished and payed
5784;3967;54;Brno - mesto;97:03:29;84600.0;2350.0;36;runnind and debt
