loan_id;account_id;district_id;district_name;start_date;amount;payments;duration;status
5214;1270;55;Brno - venkov;97:07:01;74772.0;2077.0;36;running and OK
6350;6678;54;Brno - mesto;97:07:09;294384.0;6133.0;48;running and OK
5063;442;54;Brno - mesto;97:07:10;357840.0;7455.0;48;runnind and debt
5041;319;47;Pardubice;97:07:11;369000.0;6150.0;60;running and OK
5086;525;70;Karvina;97:07:16;210384.0;4383.0;48;running and OK
6942;9513;59;Kromeriz;97:07:16;18324.0;1527.0;12;finished and payed
5270;1528;50;Svitavy;97:07:21;191088.0;3981.0;48;running and OK
6705;8381;14;Ceske Budejovice;97:07:25;333648.0;6951.0;48;runnind and debt
7051;10068;1;Hl.m. Praha;97:07:28;77808.0;6484.0;12;finished and payed
6758;8742;70;Karvina;97:07:29;33144.0;2762.0;12;finished and payed
6249;6138;54;Brno - mesto;97:07:30;67608.0;2817.0;24;running and OK
5808;4099;54;Brno - mesto;97:07:31;41856.0;872.0;48;running and OK
