loan_id;account_id;district_id;district_name;start_date;amount;payments;duration;status
6013;4995;20;Strakonice;96:02:03;128988.0;3583.0;36;runnind and debt
5750;3804;7;Melnik;96:02:08;63252.0;5271.0;12;finished and payed
6027;5066;13;Rakovnik;96:02:10;61656.0;2569.0;24;finished and not payed
6303;6400;31;Tachov;96:02:12;72408.0;3017.0;24;finished and not payed
7213;10884;65;Znojmo;96:02:13;113544.0;3154.0;36;running and OK
6659;8092;54;Brno - mesto;96:02:20;56100.0;935.0;60;running and OK
6175;5735;52;Usti nad Orlici;96:02:21;290700.0;4845.0;60;runnind and debt
5610;3112;38;Louny;96:02:24;123216.0;2567.0;48;running and OK
5563;2912;74;Ostrava - mesto;96:02:29;380160.0;6336.0;60;running and OK
