loan_id;account_id;district_id;district_name;start_date;amount;payments;duration;status
7066;10131;1;Hl.m. Praha;94:05:02;215388.0;5983.0;36;finished and not payed
6696;8321;77;Vsetin;94:05:09;89040.0;1484.0;60;running and OK
6072;5256;72;Olomouc;94:05:10;193968.0;5388.0;36;finished and payed
5130;813;16;Jindrichuv Hradec;94:05:11;24312.0;2026.0;12;finished and payed
5568;2933;10;Praha - vychod;94:05:17;272520.0;4542.0;60;running and OK
6678;8173;11;Praha - zapad;94:05:20;80340.0;6695.0;12;finished and payed
6998;9833;20;Strakonice;94:05:21;97632.0;8136.0;12;finished and payed
6580;7769;23;Cheb;94:05:22;196080.0;4085.0;48;finished and payed
6316;6473;12;Pribram;94:05:26;76908.0;6409.0;12;finished and not payed
6512;7454;4;Kladno;94:05:26;63312.0;1319.0;48;finished and payed
6407;6930;41;Usti nad Labem;94:05:26;25944.0;1081.0;24;finished and payed
5002;173;66;Zdar nad Sazavou;94:05:31;104808.0;8734.0;12;finished and payed
