loan_id;account_id;district_id;district_name;start_date;amount;payments;duration;status
6650;8073;24;Karlovy Vary;94:02:17;49320.0;4110.0;12;finished and not payed
7066;10131;1;Hl.m. Praha;94:05:02;215388.0;5983.0;36;finished and not payed
6316;6473;12;Pribram;94:05:26;76908.0;6409.0;12;finished and not payed
6210;5927;15;Cesky Krumlov;94:06:06;87216.0;1817.0;48;finished and not payed
6112;5442;34;Chomutov;94:06:17;174744.0;7281.0;24;finished and not payed
6232;6051;56;Breclav;94:07:08;276660.0;7685.0;36;finished and not payed
5060;426;1;Hl.m. Praha;94:07:19;252060.0;4201.0;60;runnind and debt
5126;790;54;Brno - mesto;94:07:24;208128.0;4336.0;48;finished and not payed
5395;2176;67;Bruntal;94:07:30;299088.0;8308.0;36;finished and not payed
6594;7824;60;Prostejov;94:09:28;189696.0;7904.0;24;finished and not payed
6738;8566;74;Ostrava - mesto;94:09:29;230220.0;6395.0;36;finished and not payed
5176;1106;20;Strakonice;94:11:12;192552.0;8023.0;24;finished and not payed
5269;1527;31;Tachov;94:11:19;164052.0;4557.0;36;finished and not payed
7142;10451;1;Hl.m. Praha;94:12:19;482940.0;8049.0;60;runnind and debt
