loan_id;account_id;district_id;district_name;start_date;amount;payments;duration;status
6013;4995;20;Strakonice;96:02:03;128988.0;3583.0;36;runnind and debt
6027;5066;13;Rakovnik;96:02:10;61656.0;2569.0;24;finished and not payed
6303;6400;31;Tachov;96:02:12;72408.0;3017.0;24;finished and not payed
6175;5735;52;Usti nad Orlici;96:02:21;290700.0;4845.0;60;runnind and debt
6816;9017;70;Karvina;96:03:26;100224.0;2088.0;48;runnind and debt
5128;808;69;Jesenik;96:04:11;215616.0;4492.0;48;runnind and debt
5593;3037;44;Chrudim;96:04:18;277884.0;7719.0;36;runnind and debt
6063;5213;1;Hl.m. Praha;96:04:25;320976.0;6687.0;48;runnind and debt
6501;7418;21;Tabor;96:04:29;30276.0;2523.0;12;finished and not payed
4961;19;21;Tabor;96:04:29;30276.0;2523.0;12;finished and not payed
5892;4462;73;Opava;96:05:14;66480.0;2770.0;24;finished and not payed
5282;1583;69;Jesenik;96:08:24;388512.0;8094.0;48;runnind and debt
5606;3084;59;Kromeriz;96:08:28;253512.0;7042.0;36;runnind and debt
6865;9199;72;Olomouc;96:09:11;29448.0;2454.0;12;finished and not payed
5415;2236;73;Opava;96:09:26;139464.0;3874.0;36;runnind and debt
5625;3189;29;Rokycany;96:12:15;222180.0;3703.0;60;runnind and debt
