loan_id;account_id;district_id;district_name;start_date;amount;payments;duration;status
7122;10365;22;Domazlice;97:01:04;260640.0;7240.0;36;runnind and debt
6255;6158;67;Bruntal;97:02:08;247920.0;5165.0;48;runnind and debt
6824;9052;43;Hradec Kralove;97:02:26;71976.0;2999.0;24;runnind and debt
5931;4618;3;Beroun;97:03:17;66696.0;2779.0;24;runnind and debt
5784;3967;54;Brno - mesto;97:03:29;84600.0;2350.0;36;runnind and debt
5363;2051;64;Zlin;97:04:22;293880.0;4898.0;60;runnind and debt
5072;472;8;Mlada Boleslav;97:04:28;196800.0;8200.0;24;runnind and debt
5758;3859;53;Blansko;97:05:02;307200.0;5120.0;60;runnind and debt
6851;9138;26;Plzen - mesto;97:06:03;272220.0;4537.0;60;runnind and debt
6959;9633;70;Karvina;97:06:30;59448.0;2477.0;24;runnind and debt
5063;442;54;Brno - mesto;97:07:10;357840.0;7455.0;48;runnind and debt
6705;8381;14;Ceske Budejovice;97:07:25;333648.0;6951.0;48;runnind and debt
5856;4320;61;Trebic;97:08:09;51360.0;4280.0;12;finished and not payed
5817;4127;50;Svitavy;97:08:15;100800.0;4200.0;24;runnind and debt
5338;1888;6;Kutna Hora;97:08:30;57360.0;4780.0;12;finished and not payed
6625;7966;54;Brno - mesto;97:09:07;473280.0;7888.0;60;runnind and debt
5643;3273;74;Ostrava - mesto;97:09:21;94512.0;7876.0;12;finished and not payed
6239;6083;6;Kutna Hora;97:09:28;360864.0;7518.0;48;runnind and debt
6655;8085;73;Opava;97:10:17;260400.0;4340.0;60;runnind and debt
5731;3711;3;Beroun;97:11:05;460980.0;7683.0;60;runnind and debt
6437;7052;55;Brno - venkov;97:11:09;63972.0;1777.0;36;runnind and debt
5447;2335;70;Karvina;97:11:12;541200.0;9020.0;60;runnind and debt
6075;5267;4;Kladno;97:11:26;129312.0;5388.0;24;runnind and debt
7209;10857;50;Svitavy;97:11:30;385560.0;6426.0;60;runnind and debt
4988;103;44;Chrudim;97:12:06;265320.0;7370.0;36;runnind and debt
5976;4794;72;Olomouc;97:12:27;465504.0;9698.0;48;runnind and debt
