loan_id;account_id;district_id;district_name;start_date;amount;payments;duration;status
5624;3166;71;Novy Jicin;95:01:03;177744.0;3703.0;48;runnind and debt
6244;6118;1;Hl.m. Praha;95:01:08;270648.0;7518.0;36;finished and not payed
6358;6715;48;Rychnov nad Kneznou;95:01:14;137880.0;2298.0;60;runnind and debt
5724;3678;1;Hl.m. Praha;95:02:05;316140.0;5269.0;60;runnind and debt
6986;9750;74;Ostrava - mesto;95:02:11;151728.0;3161.0;48;runnind and debt
7241;11021;1;Hl.m. Praha;95:03:04;168984.0;7041.0;24;finished and not payed
6169;5700;42;Havlickuv Brod;95:03:16;103680.0;1728.0;60;runnind and debt
5208;1247;25;Klatovy;95:03:16;99696.0;2077.0;48;runnind and debt
5352;1993;68;Frydek - Mistek;95:04:15;68400.0;5700.0;12;finished and not payed
5045;347;65;Znojmo;95:05:01;187224.0;7801.0;24;finished and not payed
6342;6609;16;Jindrichuv Hradec;95:11:12;60156.0;1671.0;36;finished and not payed
5805;4081;11;Praha - zapad;95:11:28;137904.0;5746.0;24;finished and not payed
