trans_id;account_id;district_id;district_name;account_to;bank_to;trans_date;type;operation;trans_characterization;amount;balance
771484;2632;24;Karlovy Vary;;;93:02:01;credit;credit in cash;;5100.0;20511.5
490777;1675;36;Liberec;;;93:02:01;credit;credit in cash;;1100.0;1100.0
1730428;5868;44;Chrudim;;;93:02:02;credit;credit in cash;;200.0;200.0
453138;1539;1;Hl.m. Praha;;;93:02:02;credit;credit in cash;;11900.0;12500.0
754232;2574;68;Frydek - Mistek;;;93:02:02;credit;credit in cash;;1100.0;1100.0
726266;2484;74;Ostrava - mesto;;;93:02:02;credit;credit in cash;;5500.0;21421.7
497553;1695;76;Sumperk;;;93:02:02;credit;credit in cash;;7500.0;19570.8
529229;1805;1;Hl.m. Praha;;;93:02:02;credit;credit in cash;;1100.0;1100.0
882361;3007;16;Jindrichuv Hradec;;;93:02:02;credit;credit in cash;;800.0;800.0
505750;1726;48;Rychnov nad Kneznou;;;93:02:02;credit;credit in cash;;6000.0;21005.2
251233;862;64;Zlin;;;93:02:02;credit;credit in cash;;200.0;200.0
711848;2434;17;Pelhrimov;;;93:02:02;credit;credit in cash;;600.0;600.0
145127;485;6;Kutna Hora;;;93:02:03;withdrawal;withdrawal in cash;;25300.0;46177.9
144544;485;6;Kutna Hora;;;93:02:03;credit;credit in cash;;45647.0;71477.9
332444;1132;1;Hl.m. Praha;;;93:02:03;credit;credit in cash;;1000.0;1000.0
1313152;4484;54;Brno - mesto;;;93:02:03;credit;credit in cash;;700.0;700.0
1028980;3514;7;Melnik;;;93:02:03;credit;credit in cash;;600.0;600.0
275306;943;1;Hl.m. Praha;;;93:02:03;credit;credit in cash;;800.0;800.0
846309;2881;70;Karvina;;;93:02:03;credit;credit in cash;;7000.0;14678.5
138712;465;32;Ceska Lipa;;;93:02:04;credit;credit in cash;;700.0;700.0
1163520;3983;67;Bruntal;;;93:02:04;credit;credit in cash;;900.0;900.0
2797771;9265;1;Hl.m. Praha;;;93:02:04;credit;credit in cash;;300.0;300.0
192366;652;21;Tabor;;;93:02:04;credit;credit in cash;;2900.0;17496.0
695272;2378;16;Jindrichuv Hradec;;;93:02:05;credit;credit in cash;;30192.0;89645.7
783292;2670;13;Rakovnik;;;93:02:05;credit;credit in cash;;24381.0;25481.0
122242;411;70;Karvina;;;93:02:05;credit;credit in cash;;400.0;400.0
637743;2177;62;Uherske Hradiste;62457513;YZ;93:02:05;credit;collection from another bank;old-age pension;5123.0;11067.5
330661;1127;27;Plzen - jih;;;93:02:05;credit;credit in cash;;23330.0;23930.0
259747;890;14;Ceske Budejovice;;;93:02:05;credit;credit in cash;;700.0;700.0
566013;1926;37;Litomerice;;;93:02:05;credit;credit in cash;;8500.0;13721.0
560900;1909;14;Ceske Budejovice;24230474;AB;93:02:05;credit;collection from another bank;;3191.0;3991.0
110536;374;38;Louny;4004806;WX;93:02:05;credit;collection from another bank;;23041.0;23441.0
498391;1699;53;Blansko;94008880;CD;93:02:05;credit;collection from another bank;old-age pension;5224.0;6024.0
529774;1806;40;Teplice;39912659;UV;93:02:05;credit;collection from another bank;old-age pension;5029.0;5429.0
224344;764;1;Hl.m. Praha;30560720;UV;93:02:05;credit;collection from another bank;old-age pension;6238.0;7338.0
232962;793;47;Pardubice;6149286;IJ;93:02:05;credit;collection from another bank;;3401.0;7617.2
286072;982;54;Brno - mesto;;;93:02:05;credit;credit in cash;;900.0;900.0
851327;2902;32;Ceska Lipa;;;93:02:05;credit;credit in cash;;20213.0;20413.0
3393740;11265;15;Cesky Krumlov;;;93:02:05;credit;credit in cash;;7618.0;8618.0
101388;346;37;Litomerice;;;93:02:05;credit;credit in cash;;19935.0;20735.0
184681;627;63;Vyskov;;;93:02:05;credit;credit in cash;;600.0;600.0
336633;1144;59;Kromeriz;1589578;GH;93:02:06;credit;collection from another bank;;3375.0;3575.0
119437;401;32;Ceska Lipa;;;93:02:06;credit;credit in cash;;12817.0;13117.0
1157039;3960;64;Zlin;;;93:02:06;credit;credit in cash;;500.0;500.0
1100775;3760;44;Chrudim;;;93:02:06;credit;credit in cash;;38645.0;50459.2
1028004;3510;41;Usti nad Labem;;;93:02:06;withdrawal;withdrawal in cash;;1600.0;22271.0
375032;1276;36;Liberec;;;93:02:06;credit;credit in cash;;10600.0;17797.1
57435;192;55;Brno - venkov;15384018;GH;93:02:06;credit;collection from another bank;old-age pension;5859.0;6159.0
699588;2393;10;Praha - vychod;;;93:02:06;credit;credit in cash;;5500.0;17165.2
660834;2256;48;Rychnov nad Kneznou;;;93:02:06;credit;credit in cash;;700.0;700.0
275308;943;1;Hl.m. Praha;70103525;OP;93:02:06;credit;collection from another bank;;3217.0;4017.0
1163522;3983;67;Bruntal;;;93:02:06;credit;credit in cash;;14626.0;15526.0
286074;982;54;Brno - mesto;;;93:02:06;credit;credit in cash;;4550.0;5450.0
1132664;3871;26;Plzen - mesto;31564527;GH;93:02:06;credit;collection from another bank;old-age pension;4356.0;4656.0
506452;1730;1;Hl.m. Praha;43294817;ST;93:02:06;credit;collection from another bank;old-age pension;6689.0;7589.0
710066;2429;61;Trebic;;;93:02:06;credit;credit in cash;;600.0;600.0
695340;2378;16;Jindrichuv Hradec;1222903;EF;93:02:07;withdrawal;remittance to another bank; household;9612.0;80033.7
1176387;4034;1;Hl.m. Praha;;;93:02:07;credit;credit in cash;;5080.0;5280.0
129504;435;38;Louny;22131634;MN;93:02:07;credit;collection from another bank;old-age pension;5039.0;5439.0
138714;465;32;Ceska Lipa;71654224;UV;93:02:07;credit;collection from another bank;;12785.0;13485.0
347545;1179;74;Ostrava - mesto;72322171;WX;93:02:07;credit;collection from another bank;old-age pension;4212.0;4912.0
541683;1843;12;Pribram;76294219;QR;93:02:07;credit;collection from another bank;;17632.0;18632.0
542217;1844;44;Chrudim;42988401;ST;93:02:07;credit;collection from another bank;;3242.0;6996.6
682548;2330;54;Brno - mesto;18759459;ST;93:02:07;credit;collection from another bank;;3395.0;3595.0
2442343;8051;1;Hl.m. Praha;;;93:02:07;credit;credit in cash;;200.0;200.0
1028982;3514;7;Melnik;67514222;GH;93:02:07;credit;collection from another bank;;3399.0;3999.0
579375;1972;77;Vsetin;14132887;UV;93:02:07;credit;collection from another bank;old-age pension;5298.0;11015.1
3122926;10364;55;Brno - venkov;;;93:02:07;credit;credit in cash;;14493.0;15593.0
615550;2099;3;Beroun;;;93:02:07;credit;credit in cash;;28157.0;81962.4
612713;2087;7;Melnik;;;93:02:07;credit;credit in cash;;1800.0;19390.1
292055;1000;77;Vsetin;87163465;ST;93:02:07;credit;collection from another bank;;31348.0;31548.0
737260;2519;4;Kladno;5454445;GH;93:02:07;credit;collection from another bank;old-age pension;5544.0;6044.0
622121;2122;68;Frydek - Mistek;;;93:02:07;withdrawal;withdrawal in cash;;14100.0;32859.1
1486060;5065;66;Zdar nad Sazavou;;;93:02:07;credit;credit in cash;;33045.0;33345.0
1021463;3487;41;Usti nad Labem;;;93:02:07;credit;credit in cash;;1800.0;18556.7
655272;2241;6;Kutna Hora;;;93:02:08;credit;credit in cash;;200.0;200.0
2349697;7753;74;Ostrava - mesto;;;93:02:08;credit;credit in cash;;600.0;600.0
242366;830;74;Ostrava - mesto;;;93:02:08;credit;credit in cash;;200.0;200.0
144559;485;6;Kutna Hora;;;93:02:08;credit;credit in cash;;20066.0;66243.9
775968;2647;73;Opava;;;93:02:08;credit;credit in cash;;400.0;400.0
537875;1830;10;Praha - vychod;;;93:02:08;credit;credit in cash;;1000.0;1000.0
1238919;4240;50;Svitavy;17497700;EF;93:02:08;credit;collection from another bank;;27666.0;27666.0
1238917;4240;50;Svitavy;;;93:02:08;credit;credit in cash;;500.0;28166.0
576752;1965;57;Hodonin;;;93:02:08;credit;credit in cash;;600.0;600.0
1657153;5622;70;Karvina;;;93:02:08;credit;credit in cash;;700.0;700.0
434652;1477;1;Hl.m. Praha;;;93:02:08;credit;credit in cash;;700.0;3851.0
434654;1477;1;Hl.m. Praha;92373114;KL;93:02:08;credit;collection from another bank;;3151.0;3151.0
294480;1006;6;Kutna Hora;;;93:02:08;credit;credit in cash;;1000.0;1000.0
374591;1276;36;Liberec;;;93:02:08;credit;credit in cash;;6774.0;24571.1
73509;244;24;Karlovy Vary;;;93:02:08;credit;credit in cash;;800.0;800.0
110785;374;38;Louny;;;93:02:08;withdrawal;withdrawal in cash;;1500.0;21941.0
882363;3007;16;Jindrichuv Hradec;;;93:02:08;credit;credit in cash;;22452.0;23252.0
2775579;9188;45;Jicin;;;93:02:08;credit;credit in cash;;800.0;800.0
846793;2884;1;Hl.m. Praha;;;93:02:08;credit;credit in cash;;1100.0;1100.0
251235;862;64;Zlin;2834439;YZ;93:02:08;credit;collection from another bank;;44333.0;44533.0
3402666;11295;74;Ostrava - mesto;;;93:02:08;credit;credit in cash;;18347.0;19447.0
696164;2379;44;Chrudim;;;93:02:09;credit;credit in cash;;13900.0;14700.0
298980;1019;52;Usti nad Orlici;;;93:02:09;credit;credit in cash;;19746.0;20846.0
333296;1134;6;Kutna Hora;;;93:02:09;credit;credit in cash;;400.0;400.0
332446;1132;1;Hl.m. Praha;32223415;ST;93:02:09;credit;collection from another bank;;48098.0;49098.0
259749;890;14;Ceske Budejovice;;;93:02:09;credit;credit in cash;;7041.0;7741.0
858265;2925;1;Hl.m. Praha;;;93:02:09;credit;credit in cash;;9100.0;16566.0
858386;2926;50;Svitavy;;;93:02:09;credit;credit in cash;;10584.0;11184.0
63714;212;27;Plzen - jih;58325630;IJ;93:02:09;credit;collection from another bank;;49590.0;49790.0
581701;1979;26;Plzen - mesto;38265723;UV;93:02:09;credit;collection from another bank;;3021.0;3921.0
469891;1601;10;Praha - vychod;;;93:02:09;credit;credit in cash;;500.0;500.0
771037;2632;24;Karlovy Vary;;;93:02:09;credit;credit in cash;;14264.0;34775.5
1084398;3704;75;Prerov;11927444;AB;93:02:09;credit;collection from another bank;old-age pension;6242.0;6742.0
253162;866;9;Nymburk;;;93:02:09;credit;credit in cash;;5400.0;18581.1
192098;652;21;Tabor;;;93:02:09;credit;credit in cash;;13851.0;31347.0
1117249;3818;74;Ostrava - mesto;;;93:02:09;credit;credit in cash;;17366.0;37387.8
695722;2379;44;Chrudim;;;93:02:10;credit;credit in cash;;5072.0;19772.0
649665;2220;16;Jindrichuv Hradec;;;93:02:10;credit;credit in cash;;1100.0;1100.0
237649;813;16;Jindrichuv Hradec;;;93:02:10;credit;credit in cash;;1100.0;1100.0
135816;456;49;Semily;95670407;AB;93:02:10;credit;collection from another bank;;47831.0;48531.0
775970;2647;73;Opava;;;93:02:10;credit;credit in cash;;12015.0;12415.0
393999;1338;74;Ostrava - mesto;;;93:02:10;withdrawal;withdrawal in cash;;5200.0;33215.5
708083;2425;41;Usti nad Labem;;;93:02:10;credit;credit in cash;;8905.0;9805.0
594016;2023;68;Frydek - Mistek;;;93:02:10;credit;credit in cash;;23524.0;23724.0
1049883;3592;54;Brno - mesto;73166322;MN;93:02:10;credit;collection from another bank;old-age pension;6007.0;12633.5
757953;2585;75;Prerov;;;93:02:10;credit;credit in cash;;1000.0;1000.0
840171;2861;38;Louny;;;93:02:10;credit;credit in cash;;300.0;300.0
101684;346;37;Litomerice;;;93:02:10;credit;credit in cash;;1200.0;21935.0
695270;2378;16;Jindrichuv Hradec;;;93:02:11;credit;credit in cash;;31038.0;111071.7
695561;2378;16;Jindrichuv Hradec;;;93:02:11;withdrawal;withdrawal in cash;;25200.0;85871.7
452734;1539;1;Hl.m. Praha;;;93:02:11;credit;credit in cash;;43737.0;56237.0
237651;813;16;Jindrichuv Hradec;19537103;QR;93:02:11;credit;collection from another bank;;12154.0;13254.0
1190754;4078;40;Teplice;;;93:02:11;credit;credit in cash;;23736.0;24036.0
511266;1750;1;Hl.m. Praha;;;93:02:11;credit;credit in cash;;24863.0;25963.0
685663;2342;51;Trutnov;;;93:02:11;credit;credit in cash;;400.0;400.0
810831;2763;64;Zlin;;;93:02:11;credit;credit in cash;;200.0;200.0
171814;576;55;Brno - venkov;30300313;YZ;93:02:11;credit;collection from another bank;old-age pension;6207.0;13334.1
615783;2099;3;Beroun;;;93:02:11;withdrawal;withdrawal in cash;;29700.0;52262.4
612412;2087;7;Melnik;;;93:02:11;credit;credit in cash;;14622.0;34012.1
506838;1731;33;Decin;89825009;GH;93:02:11;credit;collection from another bank;old-age pension;4758.0;4958.0
846795;2884;1;Hl.m. Praha;;;93:02:11;credit;credit in cash;;5810.0;6910.0
252646;866;9;Nymburk;;;93:02:11;credit;credit in cash;;12644.0;31225.1
184683;627;63;Vyskov;;;93:02:11;credit;credit in cash;;22349.0;22949.0
2349709;7753;74;Ostrava - mesto;;;93:02:12;credit;credit in cash;;19588.0;20188.0
2349705;7753;74;Ostrava - mesto;;;93:02:12;credit;credit in cash;;27078.0;47266.0
1736609;5891;54;Brno - mesto;51054984;CD;93:02:12;credit;collection from another bank;;32594.0;33494.0
451892;1536;41;Usti nad Labem;51120805;QR;93:02:12;credit;collection from another bank;;25609.0;25909.0
1183178;4055;23;Cheb;;;93:02:12;credit;credit in cash;;20281.0;20481.0
571256;1944;72;Olomouc;;;93:02:12;credit;credit in cash;;700.0;700.0
577274;1966;27;Plzen - jih;;;93:02:12;credit;credit in cash;;900.0;900.0
359513;1222;66;Zdar nad Sazavou;77489798;KL;93:02:12;credit;collection from another bank;old-age pension;6310.0;7010.0
754234;2574;68;Frydek - Mistek;;;93:02:12;credit;credit in cash;;14319.0;15419.0
1101121;3760;44;Chrudim;;;93:02:12;withdrawal;withdrawal in cash;;14400.0;36059.2
689829;2357;19;Prachatice;34144538;OP;93:02:12;credit;collection from another bank;old-age pension;6434.0;13687.4
725753;2484;74;Ostrava - mesto;;;93:02:12;credit;credit in cash;;14779.0;36200.7
565656;1926;37;Litomerice;;;93:02:12;credit;credit in cash;;4507.0;18228.0
857975;2925;1;Hl.m. Praha;;;93:02:12;credit;credit in cash;;6446.0;23012.0
207266;704;55;Brno - venkov;;;93:02:12;credit;credit in cash;;17477.0;38904.1
477640;1628;60;Prostejov;15916598;UV;93:02:12;credit;collection from another bank;old-age pension;4276.0;9265.4
1549098;5270;44;Chrudim;;;93:02:12;withdrawal;withdrawal in cash;;9600.0;36059.2
1121965;3834;54;Brno - mesto;;;93:02:12;credit;credit in cash;;13875.0;14575.0
83660;280;25;Klatovy;;;93:02:12;credit;credit in cash;;12043.0;12343.0
711850;2434;17;Pelhrimov;;;93:02:12;credit;credit in cash;;4391.0;4991.0
490779;1675;36;Liberec;50350195;AB;93:02:12;credit;collection from another bank;old-age pension;4327.0;5427.0
48642;163;30;Sokolov;76209622;YZ;93:02:13;credit;collection from another bank;old-age pension;6698.0;7598.0
142152;477;1;Hl.m. Praha;;;93:02:13;credit;credit in cash;;16392.0;17392.0
671437;2293;31;Tachov;;;93:02:13;credit;credit in cash;;700.0;700.0
785192;2676;73;Opava;;;93:02:13;credit;credit in cash;;15263.0;15463.0
745022;2543;68;Frydek - Mistek;;;93:02:13;credit;credit in cash;;1100.0;1100.0
1256506;4296;63;Vyskov;;;93:02:13;credit;credit in cash;;18729.0;18929.0
439037;1493;41;Usti nad Labem;54522466;AB;93:02:13;credit;collection from another bank;old-age pension;5009.0;10231.3
435764;1481;15;Cesky Krumlov;21098941;AB;93:02:13;credit;collection from another bank;;3098.0;4098.0
858901;2926;50;Svitavy;;;93:02:13;credit;credit in cash;;9000.0;20184.0
660836;2256;48;Rychnov nad Kneznou;59773492;AB;93:02:13;credit;collection from another bank;old-age pension;4729.0;5429.0
480216;1637;1;Hl.m. Praha;45134812;UV;93:02:13;credit;collection from another bank;old-age pension;5718.0;11951.9
527445;1801;46;Nachod;;;93:02:13;credit;credit in cash;;700.0;700.0
1143204;3909;1;Hl.m. Praha;;;93:02:13;withdrawal;withdrawal in cash;;500.0;24600.0
1142760;3909;1;Hl.m. Praha;;;93:02:13;credit;credit in cash;;24400.0;25100.0
871633;2970;60;Prostejov;;;93:02:13;credit;credit in cash;;9658.0;10058.0
757955;2585;75;Prerov;;;93:02:13;credit;credit in cash;;14963.0;15963.0
505242;1726;48;Rychnov nad Kneznou;;;93:02:13;credit;credit in cash;;13967.0;34972.2
846008;2881;70;Karvina;;;93:02:13;credit;credit in cash;;6959.0;21637.5
1021122;3487;41;Usti nad Labem;;;93:02:13;credit;credit in cash;;15914.0;34470.7
3394148;11265;15;Cesky Krumlov;;;93:02:13;credit;credit in cash;;9800.0;18418.0
131924;443;64;Zlin;29172384;ST;93:02:14;credit;collection from another bank;;3058.0;3558.0
3314624;11013;1;Hl.m. Praha;;;93:02:14;credit;credit in cash;;600.0;600.0
122244;411;70;Karvina;;;93:02:14;credit;credit in cash;;18497.0;18897.0
577276;1966;27;Plzen - jih;;;93:02:14;credit;credit in cash;;20567.0;21467.0
745024;2543;68;Frydek - Mistek;4203528;CD;93:02:14;credit;collection from another bank;old-age pension;6148.0;7248.0
2908690;9635;70;Karvina;37906074;CD;93:02:14;credit;collection from another bank;old-age pension;4470.0;9362.9
707245;2423;30;Sokolov;;;93:02:14;credit;credit in cash;;400.0;400.0
699222;2393;10;Praha - vychod;;;93:02:14;credit;credit in cash;;10737.0;27902.2
1081329;3693;61;Trebic;;;93:02:14;credit;credit in cash;;15447.0;16447.0
226656;772;45;Jicin;;;93:02:14;credit;credit in cash;;24009.0;24509.0
1548751;5270;44;Chrudim;80269753;IJ;93:02:14;credit;collection from another bank;;44749.0;80808.2
608137;2070;72;Olomouc;;;93:02:14;credit;credit in cash;;12138.0;12438.0
42520;142;51;Trutnov;;;93:02:15;credit;credit in cash;;900.0;900.0
2190;9;70;Karvina;;;93:02:15;credit;credit in cash;;800.0;1200.0
1002957;3424;74;Ostrava - mesto;;;93:02:16;credit;credit in cash;;900.0;900.0
3123297;10364;55;Brno - venkov;;;93:02:16;credit;credit in cash;;4200.0;19793.0
160593;539;13;Rakovnik;;;93:02:16;credit;credit in cash;;700.0;700.0
1039105;3554;66;Zdar nad Sazavou;;;93:02:16;credit;credit in cash;;1100.0;1100.0
285072;979;21;Tabor;;;93:02:16;credit;credit in cash;;1000.0;1000.0
796787;2714;1;Hl.m. Praha;;;93:02:16;credit;credit in cash;;1300.0;2100.0
1176616;4034;1;Hl.m. Praha;;;93:02:17;credit;credit in cash;;8000.0;13280.0
119791;401;32;Ceska Lipa;;;93:02:17;credit;credit in cash;;6000.0;19117.0
1313154;4484;54;Brno - mesto;;;93:02:17;credit;credit in cash;;29511.0;30211.0
989731;3374;21;Tabor;;;93:02:17;credit;credit in cash;;200.0;200.0
1036263;3545;51;Trutnov;;;93:02:17;credit;credit in cash;;900.0;900.0
893645;3047;16;Jindrichuv Hradec;;;93:02:17;credit;credit in cash;;600.0;600.0
29107;96;68;Frydek - Mistek;;;93:02:18;credit;credit in cash;;1100.0;1100.0
1002960;3424;74;Ostrava - mesto;;;93:02:18;credit;credit in cash;;44162.0;45062.0
137463;461;30;Sokolov;;;93:02:18;credit;credit in cash;;600.0;600.0
1657169;5622;70;Karvina;;;93:02:18;credit;credit in cash;;24023.0;24723.0
1039191;3554;66;Zdar nad Sazavou;;;93:02:18;credit;credit in cash;;900.0;2000.0
887174;3026;24;Karlovy Vary;;;93:02:18;credit;credit in cash;;400.0;400.0
1050254;3593;1;Hl.m. Praha;;;93:02:18;credit;credit in cash;;200.0;200.0
1122555;3834;54;Brno - mesto;;;93:02:18;credit;credit in cash;;6600.0;21175.0
39477;128;2;Benesov;;;93:02:19;credit;credit in cash;;300.0;300.0
1108941;3787;70;Karvina;;;93:02:19;credit;credit in cash;;800.0;800.0
1657174;5622;70;Karvina;;;93:02:19;credit;credit in cash;;33410.0;58133.0
64021;212;27;Plzen - jih;;;93:02:19;withdrawal;withdrawal in cash;;14800.0;34990.0
1080837;3691;50;Svitavy;;;93:02:19;credit;credit in cash;;400.0;400.0
309324;1054;10;Praha - vychod;;;93:02:19;credit;credit in cash;;800.0;800.0
711470;2433;71;Novy Jicin;;;93:02:19;credit;credit in cash;;500.0;500.0
695251;2378;16;Jindrichuv Hradec;;;93:02:20;credit;credit in cash;;19136.0;105007.7
695562;2378;16;Jindrichuv Hradec;;;93:02:20;withdrawal;withdrawal in cash;;33900.0;71107.7
299430;1019;52;Usti nad Orlici;;;93:02:20;credit;credit in cash;;4100.0;24946.0
136148;456;49;Semily;;;93:02:20;withdrawal;withdrawal in cash;;10500.0;38031.0
137124;459;47;Pardubice;;;93:02:20;credit;credit in cash;;13400.0;14400.0
227105;772;45;Jicin;;;93:02:20;withdrawal;withdrawal in cash;;600.0;23909.0
1450014;4937;12;Pribram;;;93:02:20;credit;credit in cash;;700.0;700.0
622627;2124;69;Jesenik;;;93:02:20;credit;credit in cash;;500.0;500.0
3403038;11295;74;Ostrava - mesto;;;93:02:20;credit;credit in cash;;3700.0;23147.0
94644;322;1;Hl.m. Praha;;;93:02:20;credit;credit in cash;;1000.0;1000.0
929608;3168;39;Most;;;93:02:20;credit;credit in cash;;1000.0;1000.0
452238;1536;41;Usti nad Labem;;;93:02:21;credit;credit in cash;;100.0;26009.0
785632;2676;73;Opava;;;93:02:21;credit;credit in cash;;3300.0;18763.0
1273262;4355;31;Tachov;;;93:02:21;credit;credit in cash;;800.0;800.0
871809;2970;60;Prostejov;;;93:02:21;credit;credit in cash;;9400.0;19458.0
1039106;3554;66;Zdar nad Sazavou;;;93:02:21;credit;credit in cash;;45925.0;47925.0
1313153;4484;54;Brno - mesto;;;93:02:22;credit;credit in cash;;41740.0;71951.0
700133;2396;2;Benesov;;;93:02:22;credit;credit in cash;;500.0;500.0
84101;280;25;Klatovy;;;93:02:22;credit;credit in cash;;6200.0;18543.0
708372;2425;41;Usti nad Labem;;;93:02:22;credit;credit in cash;;8000.0;17805.0
491813;1678;1;Hl.m. Praha;;;93:02:22;credit;credit in cash;;200.0;200.0
269812;925;59;Kromeriz;;;93:02:23;credit;credit in cash;;500.0;500.0
1183399;4055;23;Cheb;;;93:02:23;credit;credit in cash;;3100.0;23581.0
293959;1005;54;Brno - mesto;;;93:02:23;credit;credit in cash;;300.0;300.0
1313160;4484;54;Brno - mesto;;;93:02:23;credit;credit in cash;;31332.0;103283.0
1313408;4484;54;Brno - mesto;;;93:02:23;withdrawal;withdrawal in cash;;62100.0;41183.0
618167;2110;64;Zlin;;;93:02:23;credit;credit in cash;;600.0;600.0
2810462;9307;68;Frydek - Mistek;;;93:02:23;credit;credit in cash;;7100.0;13282.8
2797779;9265;1;Hl.m. Praha;;;93:02:23;credit;credit in cash;;28361.0;28661.0
1486385;5065;66;Zdar nad Sazavou;;;93:02:23;withdrawal;withdrawal in cash;;4000.0;29345.0
204963;697;28;Plzen - sever;;;93:02:23;credit;credit in cash;;200.0;200.0
1736950;5891;54;Brno - mesto;;;93:02:24;withdrawal;withdrawal in cash;;4500.0;28994.0
142592;477;1;Hl.m. Praha;;;93:02:24;credit;credit in cash;;900.0;18292.0
400895;1366;60;Prostejov;;;93:02:24;credit;credit in cash;;900.0;900.0
914518;3117;33;Decin;;;93:02:24;credit;credit in cash;;900.0;900.0
307761;1050;57;Hodonin;;;93:02:24;credit;credit in cash;;1000.0;1000.0
292547;1000;77;Vsetin;;;93:02:24;withdrawal;withdrawal in cash;;1500.0;30048.0
655852;2242;7;Melnik;;;93:02:25;credit;credit in cash;;300.0;300.0
511638;1750;1;Hl.m. Praha;;;93:02:25;withdrawal;withdrawal in cash;;2500.0;23463.0
594521;2023;68;Frydek - Mistek;;;93:02:25;credit;credit in cash;;2700.0;26424.0
484359;1649;46;Nachod;;;93:02:25;credit;credit in cash;;11000.0;11700.0
167889;562;50;Svitavy;;;93:02:25;credit;credit in cash;;300.0;300.0
58944;197;1;Hl.m. Praha;;;93:02:25;credit;credit in cash;;800.0;800.0
1578988;5369;54;Brno - mesto;;;93:02:25;credit;credit in cash;;900.0;900.0
1911147;6473;12;Pribram;;;93:02:25;withdrawal;withdrawal in cash;;8900.0;36168.0
1910783;6473;12;Pribram;;;93:02:25;credit;credit in cash;;23990.0;45068.0
783618;2670;13;Rakovnik;;;93:02:26;withdrawal;withdrawal in cash;;1400.0;24081.0
148417;496;69;Jesenik;;;93:02:26;credit;credit in cash;;800.0;800.0
752168;2566;48;Rychnov nad Kneznou;;;93:02:26;credit;credit in cash;;10700.0;11500.0
330947;1127;27;Plzen - jih;;;93:02:26;credit;credit in cash;;1800.0;25730.0
2242710;7401;1;Hl.m. Praha;;;93:02:26;credit;credit in cash;;1100.0;1100.0
2432;9;70;Karvina;;;93:02:26;credit;credit in cash;;10900.0;12100.0
276;2;1;Hl.m. Praha;;;93:02:26;credit;credit in cash;;1100.0;1100.0
537461;1829;43;Hradec Kralove;;;93:02:27;credit;credit in cash;;900.0;900.0
127567;428;1;Hl.m. Praha;;;93:02:27;credit;credit in cash;;200.0;200.0
1256736;4296;63;Vyskov;;;93:02:27;credit;credit in cash;;5200.0;24129.0
1068640;3651;23;Cheb;;;93:02:27;credit;credit in cash;;800.0;800.0
726514;2486;1;Hl.m. Praha;;;93:02:27;credit;credit in cash;;200.0;200.0
494941;1688;70;Karvina;;;93:02:27;credit;credit in cash;;800.0;800.0
883003;3008;72;Olomouc;;;93:02:27;credit;credit in cash;;200.0;200.0
2780386;9203;70;Karvina;;;93:02:27;credit;credit in cash;;900.0;900.0
851694;2902;32;Ceska Lipa;;;93:02:27;credit;credit in cash;;3900.0;24313.0
462811;1575;1;Hl.m. Praha;;;93:02:27;credit;credit in cash;;900.0;900.0
105733;361;51;Trutnov;;;93:02:27;credit;credit in cash;;600.0;600.0
519751;1775;17;Pelhrimov;;;93:02:27;credit;credit in cash;;900.0;900.0
3564254;1019;52;Usti nad Orlici;;;93:02:28;credit;;interest credited;33.4;24979.4
3563618;1000;77;Vsetin;;;93:02:28;credit;;interest credited;22.4;30070.3
3562938;982;54;Brno - mesto;;;93:02:28;credit;;interest credited;18.7;5468.6
695490;2378;16;Jindrichuv Hradec;;;93:02:28;withdrawal;withdrawal in cash;statement;14.6;71437.8
3591422;1844;44;Chrudim;;;93:02:28;credit;;interest credited;15.6;7012.2
3617491;2632;24;Karlovy Vary;;;93:02:28;credit;;interest credited;121.8;34897.3
3618041;2647;73;Opava;;;93:02:28;credit;;interest credited;35.1;12450.1
3618818;2670;13;Rakovnik;;;93:02:28;credit;;interest credited;10.8;24091.8
3619030;2676;73;Opava;;;93:02:28;credit;;interest credited;22.3;18785.3
3673340;5891;54;Brno - mesto;;;93:02:28;credit;;interest credited;21.6;29015.6
3580975;1536;41;Usti nad Labem;;;93:02:28;credit;;interest credited;31.0;26040.0
3578972;1477;1;Hl.m. Praha;;;93:02:28;credit;;interest credited;9.8;3860.8
3579544;1493;41;Usti nad Labem;;;93:02:28;credit;;interest credited;21.7;10253.0
3559698;890;14;Ceske Budejovice;;;93:02:28;credit;;interest credited;23.0;7764.0
3558799;866;9;Nymburk;;;93:02:28;credit;;interest credited;103.2;31328.3
3561686;943;1;Hl.m. Praha;;;93:02:28;credit;;interest credited;13.7;4030.7
3558613;862;64;Zlin;;;93:02:28;credit;;interest credited;139.2;44672.2
3453600;6473;12;Pribram;;;93:02:28;credit;;interest credited;102.0;36270.0
3509732;9265;1;Hl.m. Praha;;;93:02:28;credit;;interest credited;21.3;28707.9
3520588;10364;55;Brno - venkov;;;93:02:28;credit;;interest credited;38.3;19831.3
3574568;1338;74;Ostrava - mesto;;;93:02:28;credit;;interest credited;160.0;33375.5
3654667;3760;44;Chrudim;;;93:02:28;credit;;interest credited;110.5;36169.7
3659415;3909;1;Hl.m. Praha;;;93:02:28;credit;;interest credited;58.6;24658.6
3656580;3818;74;Ostrava - mesto;;;93:02:28;credit;;interest credited;83.4;37471.2
3657066;3834;54;Brno - mesto;;;93:02:28;credit;;interest credited;34.7;21209.7
3460368;374;38;Louny;;;93:02:28;credit;;interest credited;68.6;22009.6
3458834;11295;74;Ostrava - mesto;;;93:02:28;credit;;interest credited;31.0;23205.5
3456845;9635;70;Karvina;;;93:02:28;credit;;interest credited;20.3;9383.2
3459107;9;70;Karvina;;;93:02:28;credit;;interest credited;5.4;12105.4
3553662;704;55;Brno - venkov;;;93:02:28;credit;;interest credited;89.3;38993.3
3552057;652;21;Tabor;;;93:02:28;credit;;interest credited;110.6;31457.6
3551094;627;63;Vyskov;;;93:02:28;credit;;interest credited;61.5;23010.5
3652281;3693;61;Trebic;;;93:02:28;credit;;interest credited;2.9;19649.9
3629868;3007;16;Jindrichuv Hradec;;;93:02:28;credit;;interest credited;72.7;23324.7
3585453;1675;36;Liberec;;;93:02:28;credit;;interest credited;13.7;5440.7
3583849;1628;60;Prostejov;;;93:02:28;credit;;interest credited;20.7;9286.1
3584202;1637;1;Hl.m. Praha;;;93:02:28;credit;;interest credited;25.9;11977.8
3589600;1801;46;Nachod;;;93:02:28;credit;;interest credited;2.9;702.9
3586192;1695;76;Sumperk;;;93:02:28;credit;;interest credited;50.1;19620.9
3587929;1750;1;Hl.m. Praha;;;93:02:28;credit;;interest credited;14.0;23477.0
3587146;1726;48;Rychnov nad Kneznou;;;93:02:28;credit;;interest credited;110.0;35082.2
3614522;2543;68;Frydek - Mistek;;;93:02:28;credit;;interest credited;16.2;7264.2
3615569;2574;68;Frydek - Mistek;;;93:02:28;credit;;interest credited;39.0;15458.0
3643350;3424;74;Ostrava - mesto;;;93:02:28;credit;;interest credited;73.8;45135.8
3449863;4034;1;Hl.m. Praha;;;93:02:28;credit;;interest credited;23.7;13303.7
3546684;485;6;Kutna Hora;;;93:02:28;credit;;interest credited;249.0;66492.9
3549614;576;55;Brno - venkov;;;93:02:28;credit;;interest credited;29.6;13363.7
3598961;2070;72;Olomouc;;;93:02:28;credit;;interest credited;3.0;20141.0
3599468;2087;7;Melnik;;;93:02:28;credit;;interest credited;117.3;34129.3
3600404;2122;68;Frydek - Mistek;;;93:02:28;credit;;interest credited;199.0;72343.0
3468211;4055;23;Cheb;;;93:02:28;credit;;interest credited;21.1;23602.0
3466390;3554;66;Zdar nad Sazavou;;;93:02:28;credit;;interest credited;57.9;47982.9
3467902;3983;67;Bruntal;;;93:02:28;credit;;interest credited;53.1;15579.1
3466050;3510;41;Usti nad Labem;;;93:02:28;credit;;interest credited;99.3;22370.3
3447022;1539;1;Hl.m. Praha;;;93:02:28;credit;;interest credited;150.6;56387.6
3444293;2099;3;Beroun;;;93:02:28;credit;;interest credited;220.0;52482.4
3448084;2585;75;Prerov;;;93:02:28;credit;;interest credited;38.0;16001.0
3444481;5065;66;Zdar nad Sazavou;;;93:02:28;credit;;interest credited;26.2;29371.2
3602139;2177;62;Uherske Hradiste;;;93:02:28;credit;;interest credited;24.7;11092.2
3604749;2256;48;Rychnov nad Kneznou;;;93:02:28;credit;;interest credited;12.9;5441.9
3539843;280;25;Klatovy;;;93:02:28;credit;;interest credited;19.3;18562.3
3542018;346;37;Litomerice;;;93:02:28;credit;;interest credited;62.0;21997.0
621768;2122;68;Frydek - Mistek;;;93:02:28;credit;credit in cash;;39285.0;72144.1
3567644;1127;27;Plzen - jih;;;93:02:28;credit;;interest credited;11.5;25741.5
3567897;1132;1;Hl.m. Praha;;;93:02:28;credit;;interest credited;146.1;49244.1
3595507;1966;27;Plzen - jih;;;93:02:28;credit;;interest credited;47.9;21514.9
3594125;1926;37;Litomerice;;;93:02:28;credit;;interest credited;54.6;18282.6
3597518;2023;68;Frydek - Mistek;;;93:02:28;credit;;interest credited;15.7;26439.7
3595784;1972;77;Vsetin;;;93:02:28;credit;;interest credited;23.7;11038.9
3648652;3592;54;Brno - mesto;;;93:02:28;credit;;interest credited;27.5;12661.0
3646189;3514;7;Melnik;;;93:02:28;credit;;interest credited;13.1;4012.1
3645342;3487;41;Usti nad Labem;;;93:02:28;credit;;interest credited;111.9;34582.6
3556398;793;47;Pardubice;;;93:02:28;credit;;interest credited;17.5;7634.7
3556862;813;16;Jindrichuv Hradec;;;93:02:28;credit;;interest credited;35.5;13289.5
3555839;772;45;Jicin;;;93:02:28;credit;;interest credited;32.0;23941.0
527456;1801;46;Nachod;;;93:02:28;credit;credit in cash;;18972.0;19674.9
1081627;3693;61;Trebic;;;93:02:28;credit;credit in cash;;3200.0;19647.0
3537488;212;27;Plzen - jih;;;93:02:28;credit;;interest credited;52.1;35042.1
1450025;4937;12;Pribram;;;93:02:28;credit;credit in cash;;44455.0;45161.7
3607856;2357;19;Prachatice;;;93:02:28;credit;;interest credited;30.1;13717.6
3608593;2378;16;Jindrichuv Hradec;;;93:02:28;credit;;interest credited;344.8;71452.4
3609128;2393;10;Praha - vychod;;;93:02:28;credit;;interest credited;84.8;27986.9
3608664;2379;44;Chrudim;;;93:02:28;credit;;interest credited;55.9;19827.9
3610110;2425;41;Usti nad Labem;;;93:02:28;credit;;interest credited;18.5;17823.5
3610581;2434;17;Pelhrimov;;;93:02:28;credit;;interest credited;12.6;5003.6
3612140;2484;74;Ostrava - mesto;;;93:02:28;credit;;interest credited;117.6;36318.3
3669815;5270;44;Chrudim;;;93:02:28;credit;;interest credited;268.5;81076.7
3671894;5622;70;Karvina;;;93:02:28;credit;;interest credited;90.2;58223.2
3667903;4937;12;Pribram;;;93:02:28;credit;;interest credited;6.7;706.7
3492040;7753;74;Ostrava - mesto;;;93:02:28;credit;;interest credited;119.6;47385.6
3479817;9307;68;Frydek - Mistek;;;93:02:28;credit;;interest credited;25.8;13308.6
3479717;9265;1;Hl.m. Praha;;;93:02:28;credit;;interest credited;25.6;28686.6
3543739;401;32;Ceska Lipa;;;93:02:28;credit;;interest credited;34.1;19151.1
3546414;477;1;Hl.m. Praha;;;93:02:28;credit;;interest credited;13.6;18305.6
3544121;411;70;Karvina;;;93:02:28;credit;;interest credited;42.2;18939.2
3546052;465;32;Ceska Lipa;;;93:02:28;credit;;interest credited;44.1;13529.1
3545699;456;49;Semily;;;93:02:28;credit;;interest credited;50.9;38081.9
3572389;1276;36;Liberec;;;93:02:28;credit;;interest credited;84.3;24655.4
3469665;4296;63;Vyskov;;;93:02:28;credit;;interest credited;7.2;24136.2
3470805;4484;54;Brno - mesto;;;93:02:28;credit;;interest credited;70.0;41252.9
3469151;4240;50;Svitavy;;;93:02:28;credit;;interest credited;88.0;28254.0
3528743;11265;15;Cesky Krumlov;;;93:02:28;credit;;interest credited;43.9;18461.8
3529064;11295;74;Ostrava - mesto;;;93:02:28;credit;;interest credited;27.6;23174.5
3626470;2902;32;Ceska Lipa;;;93:02:28;credit;;interest credited;7.2;24320.2
3627126;2925;1;Hl.m. Praha;;;93:02:28;credit;;interest credited;70.4;23082.4
3628744;2970;60;Prostejov;;;93:02:28;credit;;interest credited;23.2;19481.2
3625748;2881;70;Karvina;;;93:02:28;credit;;interest credited;65.2;21702.7
3625863;2884;1;Hl.m. Praha;;;93:02:28;credit;;interest credited;18.5;6928.5
3627197;2926;50;Svitavy;;;93:02:28;credit;;interest credited;48.1;20232.0
608427;2070;72;Olomouc;;;93:02:28;credit;credit in cash;;7700.0;20138.0
