trans_id;account_id;district_id;district_name;account_to;bank_to;trans_date;type;operation;trans_characterization;amount;balance
695247;2378;16;Jindrichuv Hradec;;;93:01:01;credit;credit in cash;;700.0;700.0
171812;576;55;Brno - venkov;;;93:01:01;credit;credit in cash;;900.0;900.0
207264;704;55;Brno - venkov;;;93:01:01;credit;credit in cash;;1000.0;1000.0
1117247;3818;74;Ostrava - mesto;;;93:01:01;credit;credit in cash;;600.0;600.0
579373;1972;77;Vsetin;;;93:01:02;credit;credit in cash;;400.0;400.0
771035;2632;24;Karlovy Vary;;;93:01:02;credit;credit in cash;;1100.0;1100.0
452728;1539;1;Hl.m. Praha;;;93:01:03;credit;credit in cash;;600.0;600.0
725751;2484;74;Ostrava - mesto;;;93:01:03;credit;credit in cash;;1100.0;1100.0
497211;1695;76;Sumperk;;;93:01:03;credit;credit in cash;;200.0;200.0
232960;793;47;Pardubice;;;93:01:03;credit;credit in cash;;800.0;800.0
505240;1726;48;Rychnov nad Kneznou;;;93:01:03;credit;credit in cash;;1000.0;1000.0
144541;485;6;Kutna Hora;;;93:01:04;credit;credit in cash;;300.0;300.0
637741;2177;62;Uherske Hradiste;;;93:01:04;credit;credit in cash;;800.0;800.0
689827;2357;19;Prachatice;;;93:01:04;credit;credit in cash;;800.0;800.0
846006;2881;70;Karvina;;;93:01:04;credit;credit in cash;;700.0;700.0
637742;2177;62;Uherske Hradiste;62457513;YZ;93:01:05;credit;collection from another bank;old-age pension;5123.0;5923.0
2908688;9635;70;Karvina;;;93:01:05;credit;credit in cash;;400.0;400.0
232961;793;47;Pardubice;6149286;IJ;93:01:05;credit;collection from another bank;;3401.0;4201.0
192096;652;21;Tabor;;;93:01:05;credit;credit in cash;;700.0;700.0
542215;1844;44;Chrudim;;;93:01:06;credit;credit in cash;;500.0;500.0
565654;1926;37;Litomerice;;;93:01:06;credit;credit in cash;;700.0;700.0
542216;1844;44;Chrudim;42988401;ST;93:01:07;credit;collection from another bank;;3242.0;3742.0
1027725;3510;41;Usti nad Labem;;;93:01:07;credit;credit in cash;;500.0;500.0
374589;1276;36;Liberec;;;93:01:07;credit;credit in cash;;400.0;400.0
579374;1972;77;Vsetin;14132887;UV;93:01:07;credit;collection from another bank;old-age pension;5298.0;5698.0
699220;2393;10;Praha - vychod;;;93:01:07;credit;credit in cash;;900.0;900.0
129502;435;38;Louny;;;93:01:08;credit;credit in cash;;400.0;400.0
374590;1276;36;Liberec;;;93:01:08;credit;credit in cash;;6774.0;7174.0
57433;192;55;Brno - venkov;;;93:01:08;credit;credit in cash;;300.0;300.0
497212;1695;76;Sumperk;;;93:01:08;credit;credit in cash;;11832.0;12032.0
621760;2122;68;Frydek - Mistek;;;93:01:08;credit;credit in cash;;300.0;300.0
480214;1637;1;Hl.m. Praha;;;93:01:08;credit;credit in cash;;500.0;500.0
612392;2087;7;Melnik;;;93:01:08;credit;credit in cash;;600.0;600.0
224342;764;1;Hl.m. Praha;;;93:01:08;credit;credit in cash;;1100.0;1100.0
1049881;3592;54;Brno - mesto;;;93:01:08;credit;credit in cash;;600.0;600.0
1132662;3871;26;Plzen - mesto;;;93:01:08;credit;credit in cash;;300.0;300.0
1021120;3487;41;Usti nad Labem;;;93:01:08;credit;credit in cash;;800.0;800.0
439035;1493;41;Usti nad Labem;;;93:01:09;credit;credit in cash;;200.0;200.0
110534;374;38;Louny;;;93:01:09;credit;credit in cash;;400.0;400.0
771036;2632;24;Karlovy Vary;;;93:01:09;credit;credit in cash;;14264.0;15364.0
506450;1730;1;Hl.m. Praha;;;93:01:09;credit;credit in cash;;900.0;900.0
192097;652;21;Tabor;;;93:01:09;credit;credit in cash;;13851.0;14551.0
1117248;3818;74;Ostrava - mesto;;;93:01:09;credit;credit in cash;;17366.0;17966.0
695720;2379;44;Chrudim;;;93:01:10;credit;credit in cash;;800.0;800.0
857973;2925;1;Hl.m. Praha;;;93:01:10;credit;credit in cash;;1000.0;1000.0
477638;1628;60;Prostejov;;;93:01:10;credit;credit in cash;;700.0;700.0
1049882;3592;54;Brno - mesto;73166322;MN;93:01:10;credit;collection from another bank;old-age pension;6007.0;6607.0
252644;866;9;Nymburk;;;93:01:10;credit;credit in cash;;500.0;500.0
393505;1338;74;Ostrava - mesto;;;93:01:11;credit;credit in cash;;400.0;400.0
171813;576;55;Brno - venkov;30300313;YZ;93:01:11;credit;collection from another bank;old-age pension;6207.0;7107.0
581699;1979;26;Plzen - mesto;;;93:01:11;credit;credit in cash;;900.0;900.0
252645;866;9;Nymburk;;;93:01:11;credit;credit in cash;;12644.0;13144.0
101386;346;37;Litomerice;;;93:01:11;credit;credit in cash;;800.0;800.0
689828;2357;19;Prachatice;34144538;OP;93:01:12;credit;collection from another bank;old-age pension;6434.0;7234.0
725752;2484;74;Ostrava - mesto;;;93:01:12;credit;credit in cash;;14779.0;15879.0
565655;1926;37;Litomerice;;;93:01:12;credit;credit in cash;;4507.0;5207.0
857974;2925;1;Hl.m. Praha;;;93:01:12;credit;credit in cash;;6446.0;7446.0
560898;1909;14;Ceske Budejovice;;;93:01:12;credit;credit in cash;;800.0;800.0
207265;704;55;Brno - venkov;;;93:01:12;credit;credit in cash;;17477.0;18477.0
477639;1628;60;Prostejov;15916598;UV;93:01:12;credit;collection from another bank;old-age pension;4276.0;4976.0
615542;2099;3;Beroun;;;93:01:12;credit;credit in cash;;1100.0;1100.0
439036;1493;41;Usti nad Labem;54522466;AB;93:01:13;credit;collection from another bank;old-age pension;5009.0;5209.0
1100759;3760;44;Chrudim;;;93:01:13;credit;credit in cash;;1000.0;1000.0
480215;1637;1;Hl.m. Praha;45134812;UV;93:01:13;credit;collection from another bank;old-age pension;5718.0;6218.0
1548749;5270;44;Chrudim;;;93:01:13;credit;credit in cash;;800.0;800.0
505241;1726;48;Rychnov nad Kneznou;;;93:01:13;credit;credit in cash;;13967.0;14967.0
846007;2881;70;Karvina;;;93:01:13;credit;credit in cash;;6959.0;7659.0
1021121;3487;41;Usti nad Labem;;;93:01:13;credit;credit in cash;;15914.0;16714.0
2908689;9635;70;Karvina;37906074;CD;93:01:14;credit;collection from another bank;old-age pension;4470.0;4870.0
858384;2926;50;Svitavy;;;93:01:14;credit;credit in cash;;600.0;600.0
498389;1699;53;Blansko;;;93:01:14;credit;credit in cash;;800.0;800.0
699221;2393;10;Praha - vychod;;;93:01:14;credit;credit in cash;;10737.0;11637.0
1142758;3909;1;Hl.m. Praha;;;93:01:14;credit;credit in cash;;700.0;700.0
1548750;5270;44;Chrudim;80269753;IJ;93:01:14;credit;collection from another bank;;44749.0;45549.0
506836;1731;33;Decin;;;93:01:14;credit;credit in cash;;200.0;200.0
3393738;11265;15;Cesky Krumlov;;;93:01:14;credit;credit in cash;;1000.0;1000.0
621775;2122;68;Frydek - Mistek;;;93:01:15;credit;credit in cash;;46552.0;46852.0
737258;2519;4;Kladno;;;93:01:15;credit;credit in cash;;500.0;500.0
144549;485;6;Kutna Hora;;;93:01:16;credit;credit in cash;;13156.0;13456.0
435762;1481;15;Cesky Krumlov;;;93:01:17;credit;credit in cash;;1000.0;1000.0
1027726;3510;41;Usti nad Labem;;;93:01:17;credit;credit in cash;;23323.0;23823.0
3122924;10364;55;Brno - venkov;;;93:01:17;credit;credit in cash;;1100.0;1100.0
1176385;4034;1;Hl.m. Praha;;;93:01:18;credit;credit in cash;;200.0;200.0
119435;401;32;Ceska Lipa;;;93:01:18;credit;credit in cash;;300.0;300.0
1100767;3760;44;Chrudim;;;93:01:18;credit;credit in cash;;10792.0;11792.0
682546;2330;54;Brno - mesto;;;93:01:19;credit;credit in cash;;200.0;200.0
529772;1806;40;Teplice;;;93:01:19;credit;credit in cash;;400.0;400.0
1121963;3834;54;Brno - mesto;;;93:01:19;credit;credit in cash;;700.0;700.0
359511;1222;66;Zdar nad Sazavou;;;93:01:20;credit;credit in cash;;700.0;700.0
63712;212;27;Plzen - jih;;;93:01:20;credit;credit in cash;;200.0;200.0
298978;1019;52;Usti nad Orlici;;;93:01:21;credit;credit in cash;;1100.0;1100.0
136957;459;47;Pardubice;;;93:01:21;credit;credit in cash;;1000.0;1000.0
135814;456;49;Semily;;;93:01:21;credit;credit in cash;;700.0;700.0
226654;772;45;Jicin;;;93:01:21;credit;credit in cash;;500.0;500.0
3402664;11295;74;Ostrava - mesto;;;93:01:21;credit;credit in cash;;1100.0;1100.0
695250;2378;16;Jindrichuv Hradec;;;93:01:22;credit;credit in cash;;7268.0;7968.0
451890;1536;41;Usti nad Labem;;;93:01:22;credit;credit in cash;;300.0;300.0
785190;2676;73;Opava;;;93:01:22;credit;credit in cash;;200.0;200.0
615548;2099;3;Beroun;;;93:01:22;credit;credit in cash;;16125.0;17225.0
871631;2970;60;Prostejov;;;93:01:22;credit;credit in cash;;400.0;400.0
695266;2378;16;Jindrichuv Hradec;;;93:01:23;credit;credit in cash;;14440.0;22408.0
347543;1179;74;Ostrava - mesto;;;93:01:23;credit;credit in cash;;700.0;700.0
708081;2425;41;Usti nad Labem;;;93:01:23;credit;credit in cash;;900.0;900.0
83658;280;25;Klatovy;;;93:01:23;credit;credit in cash;;300.0;300.0
695262;2378;16;Jindrichuv Hradec;;;93:01:24;credit;credit in cash;;49752.0;72160.0
1183176;4055;23;Cheb;;;93:01:24;credit;credit in cash;;200.0;200.0
615547;2099;3;Beroun;;;93:01:24;credit;credit in cash;;36518.0;53743.0
1084396;3704;75;Prerov;;;93:01:24;credit;credit in cash;;500.0;500.0
2809952;9307;68;Frydek - Mistek;;;93:01:24;credit;credit in cash;;900.0;900.0
1486053;5065;66;Zdar nad Sazavou;;;93:01:24;credit;credit in cash;;300.0;300.0
1736607;5891;54;Brno - mesto;;;93:01:25;credit;credit in cash;;900.0;900.0
142150;477;1;Hl.m. Praha;;;93:01:25;credit;credit in cash;;1000.0;1000.0
292053;1000;77;Vsetin;;;93:01:25;credit;credit in cash;;200.0;200.0
695265;2378;16;Jindrichuv Hradec;;;93:01:26;credit;credit in cash;;21899.0;94059.0
144551;485;6;Kutna Hora;;;93:01:26;credit;credit in cash;;12336.0;25792.0
511264;1750;1;Hl.m. Praha;;;93:01:26;credit;credit in cash;;1100.0;1100.0
594014;2023;68;Frydek - Mistek;;;93:01:26;credit;credit in cash;;200.0;200.0
484214;1649;46;Nachod;;;93:01:26;credit;credit in cash;;700.0;700.0
1910780;6473;12;Pribram;;;93:01:26;credit;credit in cash;;1100.0;1100.0
1910790;6473;12;Pribram;;;93:01:26;credit;credit in cash;;19961.0;21061.0
48640;163;30;Sokolov;;;93:01:27;credit;credit in cash;;900.0;900.0
783290;2670;13;Rakovnik;;;93:01:27;credit;credit in cash;;1100.0;1100.0
752010;2566;48;Rychnov nad Kneznou;;;93:01:27;credit;credit in cash;;800.0;800.0
330659;1127;27;Plzen - jih;;;93:01:27;credit;credit in cash;;600.0;600.0
2176;9;70;Karvina;;;93:01:27;credit;credit in cash;;400.0;400.0
336631;1144;59;Kromeriz;;;93:01:28;credit;credit in cash;;200.0;200.0
131922;443;64;Zlin;;;93:01:28;credit;credit in cash;;500.0;500.0
1256504;4296;63;Vyskov;;;93:01:28;credit;credit in cash;;200.0;200.0
851325;2902;32;Ceska Lipa;;;93:01:28;credit;credit in cash;;200.0;200.0
393512;1338;74;Ostrava - mesto;;;93:01:29;credit;credit in cash;;38000.0;38400.0
612405;2087;7;Melnik;;;93:01:29;credit;credit in cash;;16983.0;17583.0
1081327;3693;61;Trebic;;;93:01:29;credit;credit in cash;;1000.0;1000.0
608135;2070;72;Olomouc;;;93:01:29;credit;credit in cash;;300.0;300.0
1190752;4078;40;Teplice;;;93:01:30;credit;credit in cash;;300.0;300.0
541681;1843;12;Pribram;;;93:01:30;credit;credit in cash;;1000.0;1000.0
796773;2714;1;Hl.m. Praha;;;93:01:30;credit;credit in cash;;800.0;800.0
695560;2378;16;Jindrichuv Hradec;;;93:01:31;withdrawal;withdrawal in cash;;34700.0;59453.7
3591421;1844;44;Chrudim;;;93:01:31;credit;;interest credited;12.6;3754.6
3617490;2632;24;Karlovy Vary;;;93:01:31;credit;;interest credited;47.5;15411.5
3579543;1493;41;Usti nad Labem;;;93:01:31;credit;;interest credited;13.3;5222.3
3558798;866;9;Nymburk;;;93:01:31;credit;;interest credited;37.1;13181.1
3453599;6473;12;Pribram;;;93:01:31;credit;;interest credited;17.0;21078.0
3513134;9635;70;Karvina;;;93:01:31;credit;;interest credited;11.1;4892.9
3574567;1338;74;Ostrava - mesto;;;93:01:31;credit;;interest credited;15.5;38415.5
3654666;3760;44;Chrudim;;;93:01:31;credit;;interest credited;22.2;11814.2
3656579;3818;74;Ostrava - mesto;;;93:01:31;credit;;interest credited;55.8;18021.8
3456844;9635;70;Karvina;;;93:01:31;credit;;interest credited;11.8;4881.8
3553661;704;55;Brno - venkov;;;93:01:31;credit;;interest credited;50.1;18527.1
3552056;652;21;Tabor;;;93:01:31;credit;;interest credited;45.0;14596.0
3583848;1628;60;Prostejov;;;93:01:31;credit;;interest credited;13.4;4989.4
3584201;1637;1;Hl.m. Praha;;;93:01:31;credit;;interest credited;15.9;6233.9
3586191;1695;76;Sumperk;;;93:01:31;credit;;interest credited;38.8;12070.8
3587145;1726;48;Rychnov nad Kneznou;;;93:01:31;credit;;interest credited;38.2;15005.2
3549613;576;55;Brno - venkov;;;93:01:31;credit;;interest credited;20.1;7127.1
3546683;485;6;Kutna Hora;;;93:01:31;credit;;interest credited;38.9;25830.9
3599467;2087;7;Melnik;;;93:01:31;credit;;interest credited;7.1;17590.1
3600403;2122;68;Frydek - Mistek;;;93:01:31;credit;;interest credited;107.1;46959.1
3466049;3510;41;Usti nad Labem;;;93:01:31;credit;;interest credited;48.0;23871.0
3444292;2099;3;Beroun;;;93:01:31;credit;;interest credited;62.4;53805.4
207642;704;55;Brno - venkov;;;93:01:31;credit;credit in cash;;2900.0;21427.1
3602138;2177;62;Uherske Hradiste;;;93:01:31;credit;;interest credited;21.5;5944.5
3595783;1972;77;Vsetin;;;93:01:31;credit;;interest credited;19.1;5717.1
3594124;1926;37;Litomerice;;;93:01:31;credit;;interest credited;14.0;5221.0
3648651;3592;54;Brno - mesto;;;93:01:31;credit;;interest credited;19.5;6626.5
3645341;3487;41;Usti nad Labem;;;93:01:31;credit;;interest credited;42.7;16756.7
3556397;793;47;Pardubice;;;93:01:31;credit;;interest credited;15.2;4216.2
2809959;9307;68;Frydek - Mistek;;;93:01:31;credit;credit in cash;;5282.0;6182.0
3608592;2378;16;Jindrichuv Hradec;;;93:01:31;credit;;interest credited;94.7;94153.7
3607855;2357;19;Prachatice;;;93:01:31;credit;;interest credited;19.4;7253.4
3609127;2393;10;Praha - vychod;;;93:01:31;credit;;interest credited;28.2;11665.1
3612139;2484;74;Ostrava - mesto;;;93:01:31;credit;;interest credited;42.7;15921.7
3669814;5270;44;Chrudim;;;93:01:31;credit;;interest credited;110.2;45659.2
3479816;9307;68;Frydek - Mistek;;;93:01:31;credit;;interest credited;0.8;6182.8
3572388;1276;36;Liberec;;;93:01:31;credit;;interest credited;23.1;7197.1
3627125;2925;1;Hl.m. Praha;;;93:01:31;credit;;interest credited;20.0;7466.0
3625747;2881;70;Karvina;;;93:01:31;credit;;interest credited;19.6;7678.6
1117691;3818;74;Ostrava - mesto;;;93:01:31;credit;credit in cash;;2000.0;20021.8
