trans_id;account_id;district_id;district_name;account_to;bank_to;trans_date;type;operation;trans_characterization;amount;balance
695564;2378;16;Jindrichuv Hradec;;;93:04:01;withdrawal;withdrawal in cash;;13500.0;34197.6
969060;3302;21;Tabor;;;93:04:01;credit;credit in cash;;10600.0;14319.0
993936;3391;74;Ostrava - mesto;;;93:04:01;credit;credit in cash;;300.0;300.0
557855;1898;70;Karvina;;;93:04:01;credit;credit in cash;;1000.0;1000.0
207644;704;55;Brno - venkov;;;93:04:01;withdrawal;withdrawal in cash;;12900.0;34829.9
987038;3367;1;Hl.m. Praha;;;93:04:01;credit;credit in cash;;800.0;800.0
1117693;3818;74;Ostrava - mesto;;;93:04:01;withdrawal;withdrawal in cash;;14700.0;36115.3
502620;1713;43;Hradec Kralove;;;93:04:02;credit;credit in cash;;11000.0;12403.0
1144438;3915;65;Znojmo;;;93:04:02;credit;credit in cash;;300.0;300.0
123626;415;25;Klatovy;;;93:04:02;credit;credit in cash;;4800.0;18353.6
315803;1077;14;Ceske Budejovice;;;93:04:02;credit;credit in cash;;12900.0;15405.0
1208830;4134;7;Melnik;;;93:04:02;withdrawal;withdrawal in cash;;35400.0;62912.9
1208394;4134;7;Melnik;;;93:04:02;credit;credit in cash;;40018.0;98312.9
1028840;3513;20;Strakonice;;;93:04:02;credit;credit in cash;;1400.0;21025.4
2135187;7231;10;Praha - vychod;;;93:04:02;credit;credit in cash;;26812.0;89160.3
521470;1780;1;Hl.m. Praha;;;93:04:02;credit;credit in cash;;900.0;900.0
771486;2632;24;Karlovy Vary;;;93:04:02;withdrawal;withdrawal in cash;;9100.0;33329.3
2579150;8519;23;Cheb;;;93:04:02;credit;credit in cash;;1100.0;1100.0
1730742;5868;44;Chrudim;;;93:04:03;withdrawal;withdrawal in cash;;7600.0;32659.8
453140;1539;1;Hl.m. Praha;;;93:04:03;withdrawal;withdrawal in cash;;10200.0;33021.9
393510;1338;74;Ostrava - mesto;;;93:04:03;credit;credit in cash;;26968.0;58103.5
576768;1965;57;Hodonin;;;93:04:03;credit;credit in cash;;8263.0;21063.0
754531;2574;68;Frydek - Mistek;;;93:04:03;withdrawal;withdrawal in cash;;6300.0;26487.6
726268;2484;74;Ostrava - mesto;;;93:04:03;withdrawal;withdrawal in cash;;8300.0;34866.3
497555;1695;76;Sumperk;;;93:04:03;credit;credit in cash;;500.0;25371.1
529626;1805;1;Hl.m. Praha;;;93:04:03;credit;credit in cash;;8700.0;19300.0
882874;3007;16;Jindrichuv Hradec;;;93:04:03;withdrawal;withdrawal in cash;;12300.0;34549.1
1162312;3980;75;Prerov;;;93:04:03;credit;credit in cash;;800.0;800.0
405096;1378;59;Kromeriz;;;93:04:03;credit;credit in cash;;600.0;26184.2
505752;1726;48;Rychnov nad Kneznou;;;93:04:03;withdrawal;withdrawal in cash;;11600.0;34422.7
251560;862;64;Zlin;;;93:04:03;withdrawal;withdrawal in cash;;27900.0;50699.7
712154;2434;17;Pelhrimov;;;93:04:03;credit;credit in cash;;3300.0;23355.7
732496;2503;1;Hl.m. Praha;;;93:04:04;credit;credit in cash;;12900.0;13500.0
332728;1132;1;Hl.m. Praha;;;93:04:04;withdrawal;withdrawal in cash;;30800.0;55059.3
145129;485;6;Kutna Hora;;;93:04:04;withdrawal;withdrawal in cash;;21100.0;48468.0
1271880;4350;63;Vyskov;;;93:04:04;credit;credit in cash;;1000.0;1000.0
810155;2762;19;Prachatice;;;93:04:04;credit;credit in cash;;23272.0;54161.0
1313410;4484;54;Brno - mesto;;;93:04:04;withdrawal;withdrawal in cash;;18600.0;46355.4
1450019;4937;12;Pribram;;;93:04:04;credit;credit in cash;;38655.0;134571.2
1450519;4937;12;Pribram;;;93:04:04;withdrawal;withdrawal in cash;;60500.0;74071.2
1935821;6555;38;Louny;;;93:04:04;withdrawal;withdrawal in cash;;15800.0;44782.5
846311;2881;70;Karvina;;;93:04:04;withdrawal;withdrawal in cash;;5100.0;26376.7
201777;686;41;Usti nad Labem;;;93:04:04;credit;credit in cash;;1100.0;1100.0
106234;362;15;Cesky Krumlov;;;93:04:04;credit;credit in cash;;900.0;900.0
732245;2503;1;Hl.m. Praha;;;93:04:05;credit;credit in cash;;9574.0;23074.0
37887;123;21;Tabor;58944725;AB;93:04:05;credit;collection from another bank;old-age pension;4843.0;5043.0
139102;465;32;Ceska Lipa;;;93:04:05;withdrawal;withdrawal in cash;;6100.0;27136.3
537879;1830;10;Praha - vychod;;;93:04:05;credit;credit in cash;;11538.0;31835.8
783294;2670;13;Rakovnik;;;93:04:05;credit;credit in cash;;24381.0;62761.7
1144442;3915;65;Znojmo;;;93:04:05;credit;credit in cash;;23131.0;23431.0
147448;494;60;Prostejov;;;93:04:05;credit;credit in cash;;12880.0;13280.0
117640;396;21;Tabor;;;93:04:05;credit;credit in cash;;23268.0;24268.0
637745;2177;62;Uherske Hradiste;62457513;YZ;93:04:05;credit;collection from another bank;old-age pension;5123.0;21362.8
1657157;5622;70;Karvina;;;93:04:05;credit;credit in cash;;41016.0;127661.8
1657646;5622;70;Karvina;;;93:04:05;withdrawal;withdrawal in cash;;29500.0;98161.8
400899;1366;60;Prostejov;;;93:04:05;credit;credit in cash;;7626.0;21363.1
1157043;3960;64;Zlin;33740347;OP;93:04:05;credit;collection from another bank;old-age pension;4807.0;10114.0
330238;1126;56;Breclav;;;93:04:05;credit;credit in cash;;4187.0;5287.0
330663;1127;27;Plzen - jih;;;93:04:05;credit;credit in cash;;23330.0;57713.3
685667;2342;51;Trutnov;42284852;EF;93:04:05;credit;collection from another bank;;3247.0;6894.0
257155;882;9;Nymburk;;;93:04:05;credit;credit in cash;;5600.0;17522.1
2442347;8051;1;Hl.m. Praha;35675579;KL;93:04:05;credit;collection from another bank;;26040.0;51658.9
560902;1909;14;Ceske Budejovice;24230474;AB;93:04:05;credit;collection from another bank;;3191.0;10373.0
73513;244;24;Karlovy Vary;12078875;IJ;93:04:05;credit;collection from another bank;;3972.0;18888.0
110538;374;38;Louny;4004806;WX;93:04:05;credit;collection from another bank;;23041.0;56316.1
521474;1780;1;Hl.m. Praha;;;93:04:05;credit;credit in cash;;24999.0;25899.0
498393;1699;53;Blansko;94008880;CD;93:04:05;credit;collection from another bank;old-age pension;5224.0;16472.0
700137;2396;2;Benesov;27204734;OP;93:04:05;credit;collection from another bank;old-age pension;4203.0;8906.0
18395;62;47;Pardubice;87209295;UV;93:04:05;credit;collection from another bank;old-age pension;5079.0;6179.0
529776;1806;40;Teplice;39912659;UV;93:04:05;credit;collection from another bank;old-age pension;5029.0;15487.0
224346;764;1;Hl.m. Praha;30560720;UV;93:04:05;credit;collection from another bank;old-age pension;6238.0;19814.0
232964;793;47;Pardubice;6149286;IJ;93:04:05;credit;collection from another bank;;3401.0;14454.2
1163705;3983;67;Bruntal;;;93:04:05;withdrawal;withdrawal in cash;;1000.0;29120.4
2798253;9265;1;Hl.m. Praha;;;93:04:05;withdrawal;withdrawal in cash;;13000.0;34354.3
590838;2011;75;Prerov;35820675;MN;93:04:05;credit;collection from another bank;;3016.0;3916.0
851329;2902;32;Ceska Lipa;;;93:04:05;credit;credit in cash;;20213.0;56152.2
192368;652;21;Tabor;;;93:04:05;withdrawal;withdrawal in cash;;7800.0;32867.5
3393742;11265;15;Cesky Krumlov;;;93:04:05;credit;credit in cash;;7618.0;32990.3
101390;346;37;Litomerice;;;93:04:05;credit;credit in cash;;19935.0;54090.9
88590;299;77;Vsetin;;;93:04:05;credit;credit in cash;;600.0;600.0
710070;2429;61;Trebic;;;93:04:05;credit;credit in cash;;14609.0;34983.5
711474;2433;71;Novy Jicin;98568486;OP;93:04:05;credit;collection from another bank;old-age pension;4718.0;9936.0
733698;2508;34;Chomutov;12963879;CD;93:04:06;credit;collection from another bank;old-age pension;4271.0;4971.0
730405;2497;65;Znojmo;;;93:04:06;credit;credit in cash;;5956.0;6256.0
655856;2242;7;Melnik;7862908;CD;93:04:06;credit;collection from another bank;;43493.0;79710.3
333300;1134;6;Kutna Hora;;;93:04:06;credit;credit in cash;;11970.0;32598.1
336635;1144;59;Kromeriz;1589578;GH;93:04:06;credit;collection from another bank;;3375.0;10325.0
144777;485;6;Kutna Hora;56978738;WX;93:04:06;withdrawal;remittance to another bank; ;1591.0;46877.0
137467;461;30;Sokolov;91520028;YZ;93:04:06;credit;collection from another bank;old-age pension;6388.0;13376.0
1149995;3935;23;Cheb;32445126;KL;93:04:06;credit;collection from another bank;;21736.0;22736.0
3331514;11065;11;Praha - zapad;;;93:04:06;credit;credit in cash;;11855.0;12955.0
125501;423;12;Pribram;1514268;OP;93:04:06;credit;collection from another bank;;2913.0;3413.0
117091;395;1;Hl.m. Praha;;;93:04:06;credit;credit in cash;;22054.0;22454.0
122541;411;70;Karvina;;;93:04:06;withdrawal;withdrawal in cash;;6400.0;34066.8
119439;401;32;Ceska Lipa;;;93:04:06;credit;credit in cash;;12817.0;39077.1
260045;890;14;Ceske Budejovice;;;93:04:06;credit;credit in cash;;200.0;25792.2
727560;2488;5;Kolin;;;93:04:06;credit;credit in cash;;400.0;400.0
566015;1926;37;Litomerice;;;93:04:06;withdrawal;withdrawal in cash;;400.0;26388.3
58948;197;1;Hl.m. Praha;;;93:04:06;credit;credit in cash;;21718.0;44951.6
57437;192;55;Brno - venkov;15384018;GH;93:04:06;credit;collection from another bank;old-age pension;5859.0;17877.0
876077;2985;71;Novy Jicin;;;93:04:06;credit;credit in cash;;400.0;400.0
883007;3008;72;Olomouc;33148783;QR;93:04:06;credit;collection from another bank;old-age pension;6934.0;14068.0
275310;943;1;Hl.m. Praha;70103525;OP;93:04:06;credit;collection from another bank;;3217.0;10481.5
1163524;3983;67;Bruntal;;;93:04:06;credit;credit in cash;;14626.0;43746.4
285076;979;21;Tabor;;;93:04:06;credit;credit in cash;;17914.0;38065.8
286584;982;54;Brno - mesto;;;93:04:06;credit;credit in cash;;400.0;23234.3
286076;982;54;Brno - mesto;;;93:04:06;credit;credit in cash;;4550.0;22834.3
1132666;3871;26;Plzen - mesto;31564527;GH;93:04:06;credit;collection from another bank;old-age pension;4356.0;13368.0
840175;2861;38;Louny;10531437;ST;93:04:06;credit;collection from another bank;old-age pension;5915.0;12130.0
1578992;5369;54;Brno - mesto;;;93:04:06;credit;credit in cash;;5643.0;21796.8
1935495;6555;38;Louny;;;93:04:06;credit;credit in cash;;8763.0;53545.5
506454;1730;1;Hl.m. Praha;43294817;ST;93:04:06;credit;collection from another bank;old-age pension;6689.0;20967.0
192922;655;53;Blansko;;;93:04:06;credit;credit in cash;;23625.0;24625.0
2524760;8330;48;Rychnov nad Kneznou;;;93:04:06;credit;credit in cash;;21118.0;21718.0
105737;361;51;Trutnov;;;93:04:06;credit;credit in cash;;23638.0;49486.4
185062;627;63;Vyskov;;;93:04:06;withdrawal;withdrawal in cash;;10800.0;35420.3
655276;2241;6;Kutna Hora;;;93:04:07;credit;credit in cash;;11584.0;32128.6
695342;2378;16;Jindrichuv Hradec;1222903;EF;93:04:07;withdrawal;remittance to another bank; household;9612.0;24585.6
35601;115;68;Frydek - Mistek;;;93:04:07;credit;credit in cash;;7665.0;8465.0
42524;142;51;Trutnov;39513594;QR;93:04:07;credit;collection from another bank;old-age pension;4555.0;10010.0
1108945;3787;70;Karvina;;;93:04:07;credit;credit in cash;;20950.0;44534.8
1176389;4034;1;Hl.m. Praha;;;93:04:07;credit;credit in cash;;5080.0;27034.1
649669;2220;16;Jindrichuv Hradec;42469984;MN;93:04:07;credit;collection from another bank;old-age pension;6153.0;13406.0
144849;485;6;Kutna Hora;20747721;AB;93:04:07;withdrawal;remittance to another bank;insurrance;3572.0;43305.0
129506;435;38;Louny;22131634;MN;93:04:07;credit;collection from another bank;old-age pension;5039.0;15517.0
138716;465;32;Ceska Lipa;71654224;UV;93:04:07;credit;collection from another bank;;12785.0;39921.3
603924;2056;58;Jihlava;;;93:04:07;credit;credit in cash;;200.0;200.0
347547;1179;74;Ostrava - mesto;72322171;WX;93:04:07;credit;collection from another bank;old-age pension;4212.0;13336.0
1150611;3935;23;Cheb;;;93:04:07;credit;credit in cash;;700.0;23436.0
826816;2817;56;Breclav;;;93:04:07;credit;credit in cash;;13672.0;13672.0
826812;2817;56;Breclav;;;93:04:07;credit;credit in cash;;200.0;13872.0
148421;496;69;Jesenik;;;93:04:07;credit;credit in cash;;5404.0;20816.3
118143;396;21;Tabor;;;93:04:07;credit;credit in cash;;1100.0;25368.0
542219;1844;44;Chrudim;42988401;ST;93:04:07;credit;collection from another bank;;3242.0;13511.8
541685;1843;12;Pribram;76294219;QR;93:04:07;credit;collection from another bank;;17632.0;49329.8
790138;2694;7;Melnik;;;93:04:07;credit;credit in cash;;5500.0;23839.1
1271884;4350;63;Vyskov;;;93:04:07;credit;credit in cash;;17565.0;18565.0
330522;1126;56;Breclav;;;93:04:07;credit;credit in cash;;7500.0;12787.0
682550;2330;54;Brno - mesto;18759459;ST;93:04:07;credit;collection from another bank;;3395.0;10385.0
1068644;3651;23;Cheb;38447165;WX;93:04:07;credit;collection from another bank;old-age pension;5081.0;10962.0
557859;1898;70;Karvina;49335420;MN;93:04:07;credit;collection from another bank;;10266.0;11266.0
1028006;3510;41;Usti nad Labem;;;93:04:07;credit;credit in cash;;3400.0;25569.5
1028984;3514;7;Melnik;67514222;GH;93:04:07;credit;collection from another bank;;3399.0;10826.8
375034;1276;36;Liberec;;;93:04:07;withdrawal;withdrawal in cash;;3300.0;26046.8
1092161;3734;43;Hradec Kralove;;;93:04:07;credit;credit in cash;;8700.0;14657.4
113876;385;5;Kolin;;;93:04:07;credit;credit in cash;;1000.0;1000.0
579377;1972;77;Vsetin;14132887;UV;93:04:07;credit;collection from another bank;old-age pension;5298.0;21658.6
469895;1601;10;Praha - vychod;45886778;CD;93:04:07;credit;collection from another bank;old-age pension;4042.0;8584.0
699590;2393;10;Praha - vychod;;;93:04:07;withdrawal;withdrawal in cash;;6900.0;29460.3
1897320;6425;31;Tachov;;;93:04:07;credit;credit in cash;;12368.0;13068.0
3122928;10364;55;Brno - venkov;;;93:04:07;credit;credit in cash;;14493.0;44118.1
527447;1801;46;Nachod;;;93:04:07;credit;credit in cash;;20562.0;89045.8
455167;1545;1;Hl.m. Praha;;;93:04:07;credit;credit in cash;;14000.0;14200.0
275976;944;70;Karvina;;;93:04:07;credit;credit in cash;;3600.0;21083.2
326330;1115;34;Chomutov;66125869;CD;93:04:07;credit;collection from another bank;;3440.0;3740.0
292057;1000;77;Vsetin;87163465;ST;93:04:07;credit;collection from another bank;;31348.0;73901.5
737262;2519;4;Kladno;5454445;GH;93:04:07;credit;collection from another bank;old-age pension;5544.0;17132.0
2775583;9188;45;Jicin;78292494;GH;93:04:07;credit;collection from another bank;;12710.0;30019.5
893649;3047;16;Jindrichuv Hradec;47210419;KL;93:04:07;credit;collection from another bank;;3474.0;7548.0
462815;1575;1;Hl.m. Praha;85748850;IJ;93:04:07;credit;collection from another bank;old-age pension;5448.0;11796.0
710438;2429;61;Trebic;;;93:04:07;withdrawal;withdrawal in cash;;3700.0;31283.5
519755;1775;17;Pelhrimov;16577571;WX;93:04:07;credit;collection from another bank;old-age pension;6932.0;14764.0
242370;830;74;Ostrava - mesto;;;93:04:08;credit;credit in cash;;16623.0;35601.9
144705;485;6;Kutna Hora;89687889;EF;93:04:08;withdrawal;remittance to another bank; household;7421.0;35884.0
183009;623;1;Hl.m. Praha;12306362;WX;93:04:08;credit;collection from another bank;;3108.0;3308.0
340705;1157;7;Melnik;;;93:04:08;credit;credit in cash;;5588.0;6288.0
1345138;4596;74;Ostrava - mesto;;;93:04:08;credit;credit in cash;;12200.0;12900.0
1238921;4240;50;Svitavy;17497700;EF;93:04:08;credit;collection from another bank;;27666.0;69443.1
220044;748;10;Praha - vychod;;;93:04:08;credit;credit in cash;;700.0;700.0
123333;415;25;Klatovy;;;93:04:08;credit;credit in cash;;13110.0;31463.6
434656;1477;1;Hl.m. Praha;92373114;KL;93:04:08;credit;collection from another bank;;3151.0;10176.0
2501880;8260;31;Tachov;92527162;MN;93:04:08;credit;collection from another bank;;37435.0;37635.0
294484;1006;6;Kutna Hora;6088287;WX;93:04:08;credit;collection from another bank;;3737.0;19821.4
727564;2488;5;Kolin;94842952;AB;93:04:08;credit;collection from another bank;;3046.0;3446.0
2442702;8051;1;Hl.m. Praha;;;93:04:08;withdrawal;withdrawal in cash;;13700.0;37958.9
374593;1276;36;Liberec;;;93:04:08;credit;credit in cash;;6774.0;32820.8
766565;2618;60;Prostejov;36180985;GH;93:04:08;credit;collection from another bank;old-age pension;6559.0;7159.0
612715;2087;7;Melnik;;;93:04:08;withdrawal;withdrawal in cash;;2300.0;25471.1
882365;3007;16;Jindrichuv Hradec;;;93:04:08;credit;credit in cash;;22452.0;57001.1
275679;944;70;Karvina;;;93:04:08;credit;credit in cash;;16927.0;38010.2
1048372;3586;59;Kromeriz;;;93:04:08;credit;credit in cash;;12951.0;13251.0
622123;2122;68;Frydek - Mistek;;;93:04:08;withdrawal;withdrawal in cash;;26200.0;48204.3
588182;2002;1;Hl.m. Praha;;;93:04:08;credit;credit in cash;;400.0;400.0
850027;2895;19;Prachatice;;;93:04:08;credit;credit in cash;;500.0;18990.6
251237;862;64;Zlin;2834439;YZ;93:04:08;credit;collection from another bank;;44333.0;95032.7
201781;686;41;Usti nad Labem;;;93:04:08;credit;credit in cash;;10533.0;11633.0
1021465;3487;41;Usti nad Labem;;;93:04:08;withdrawal;withdrawal in cash;;9600.0;37271.4
3402668;11295;74;Ostrava - mesto;;;93:04:08;credit;credit in cash;;18347.0;49343.6
929612;3168;39;Most;54928976;AB;93:04:08;credit;collection from another bank;old-age pension;6303.0;13606.0
655712;2241;6;Kutna Hora;;;93:04:09;withdrawal;withdrawal in cash;;4500.0;27628.6
2350079;7753;74;Ostrava - mesto;;;93:04:09;withdrawal;withdrawal in cash;;27500.0;52103.4
269816;925;59;Kromeriz;;;93:04:09;credit;credit in cash;;18500.0;41721.8
298982;1019;52;Usti nad Orlici;;;93:04:09;credit;credit in cash;;19746.0;54989.0
242558;830;74;Ostrava - mesto;;;93:04:09;withdrawal;withdrawal in cash;;6400.0;29201.9
1075589;3675;64;Zlin;52950161;QR;93:04:09;credit;collection from another bank;;46099.0;46799.0
1076500;3678;1;Hl.m. Praha;;;93:04:09;credit;credit in cash;;8901.0;9701.0
776275;2647;73;Opava;;;93:04:09;withdrawal;withdrawal in cash;;1200.0;24957.2
538176;1830;10;Praha - vychod;;;93:04:09;withdrawal;withdrawal in cash;;3600.0;28235.8
1239178;4240;50;Svitavy;;;93:04:09;withdrawal;withdrawal in cash;;22300.0;47143.1
577123;1965;57;Hodonin;;;93:04:09;credit;credit in cash;;300.0;21363.0
1614711;5483;13;Rakovnik;6313664;QR;93:04:09;credit;collection from another bank;;16002.0;17102.0
1657647;5622;70;Karvina;;;93:04:09;withdrawal;withdrawal in cash;;36800.0;61361.8
749690;2555;53;Blansko;;;93:04:09;credit;credit in cash;;2900.0;23081.5
293963;1005;54;Brno - mesto;48252707;QR;93:04:09;credit;collection from another bank;;34483.0;63893.6
294998;1006;6;Kutna Hora;;;93:04:09;credit;credit in cash;;2000.0;21821.4
332448;1132;1;Hl.m. Praha;32223415;ST;93:04:09;credit;collection from another bank;;48098.0;103157.3
259751;890;14;Ceske Budejovice;;;93:04:09;credit;credit in cash;;7041.0;32833.2
260355;892;70;Karvina;90831237;IJ;93:04:09;credit;collection from another bank;old-age pension;6177.0;7077.0
810133;2762;19;Prachatice;;;93:04:09;credit;credit in cash;;49303.0;103464.0
858388;2926;50;Svitavy;;;93:04:09;credit;credit in cash;;10584.0;36597.2
1091938;3734;43;Hradec Kralove;;;93:04:09;credit;credit in cash;;4939.0;19596.3
73951;244;24;Karlovy Vary;;;93:04:09;credit;credit in cash;;3600.0;22488.0
110787;374;38;Louny;;;93:04:09;withdrawal;withdrawal in cash;;13600.0;42716.1
63716;212;27;Plzen - jih;58325630;IJ;93:04:09;credit;collection from another bank;;49590.0;104697.3
65998;220;72;Olomouc;;;93:04:09;credit;credit in cash;;400.0;400.0
581703;1979;26;Plzen - mesto;38265723;UV;93:04:09;credit;collection from another bank;;3021.0;9963.0
494945;1688;70;Karvina;99495708;QR;93:04:09;credit;collection from another bank;old-age pension;5439.0;11678.0
771039;2632;24;Karlovy Vary;;;93:04:09;credit;credit in cash;;14264.0;47593.3
1084400;3704;75;Prerov;11927444;AB;93:04:09;credit;collection from another bank;old-age pension;6242.0;19226.0
1080841;3691;50;Svitavy;86339687;WX;93:04:09;credit;collection from another bank;old-age pension;6540.0;13480.0
1162316;3980;75;Prerov;;;93:04:09;credit;credit in cash;;8555.0;9355.0
2776159;9188;45;Jicin;;;93:04:09;withdrawal;withdrawal in cash;;2400.0;27619.5
506719;1730;1;Hl.m. Praha;;;93:04:09;withdrawal;withdrawal in cash;;400.0;20567.0
847085;2884;1;Hl.m. Praha;;;93:04:09;withdrawal;withdrawal in cash;;700.0;20407.2
419277;1422;68;Frydek - Mistek;;;93:04:09;credit;credit in cash;;400.0;400.0
192100;652;21;Tabor;;;93:04:09;credit;credit in cash;;13851.0;46718.5
1117251;3818;74;Ostrava - mesto;;;93:04:09;credit;credit in cash;;17366.0;53481.3
696166;2379;44;Chrudim;;;93:04:10;withdrawal;withdrawal in cash;;500.0;26961.4
695724;2379;44;Chrudim;;;93:04:10;credit;credit in cash;;5072.0;27461.4
555300;1891;32;Ceska Lipa;;;93:04:10;credit;credit in cash;;800.0;800.0
1108021;3785;10;Praha - vychod;;;93:04:10;credit;credit in cash;;23842.0;24042.0
1109449;3788;70;Karvina;;;93:04:10;credit;credit in cash;;300.0;300.0
337949;1147;44;Chrudim;;;93:04:10;credit;credit in cash;;400.0;400.0
333670;1134;6;Kutna Hora;;;93:04:10;withdrawal;withdrawal in cash;;4800.0;27798.1
649489;2219;60;Prostejov;;;93:04:10;credit;credit in cash;;12400.0;12800.0
135818;456;49;Semily;95670407;AB;93:04:10;credit;collection from another bank;;47831.0;104527.2
775972;2647;73;Opava;;;93:04:10;credit;credit in cash;;12015.0;36972.2
571260;1944;72;Olomouc;;;93:04:10;credit;credit in cash;;17980.0;39712.4
394001;1338;74;Ostrava - mesto;;;93:04:10;withdrawal;withdrawal in cash;;28700.0;77543.5
393511;1338;74;Ostrava - mesto;;;93:04:10;credit;credit in cash;;48140.0;106243.5
968617;3302;21;Tabor;24482953;CD;93:04:10;credit;collection from another bank;;3008.0;17327.0
147951;494;60;Prostejov;;;93:04:10;credit;credit in cash;;6600.0;19880.0
749330;2555;53;Blansko;;;93:04:10;credit;credit in cash;;19022.0;42103.5
789773;2694;7;Melnik;;;93:04:10;credit;credit in cash;;17585.0;41424.1
256853;882;9;Nymburk;;;93:04:10;credit;credit in cash;;11587.0;29109.1
708085;2425;41;Usti nad Labem;;;93:04:10;credit;credit in cash;;8905.0;34916.5
594018;2023;68;Frydek - Mistek;;;93:04:10;credit;credit in cash;;23524.0;61405.4
858267;2925;1;Hl.m. Praha;;;93:04:10;withdrawal;withdrawal in cash;;100.0;27636.7
2256145;7445;64;Zlin;;;93:04:10;credit;credit in cash;;17877.0;18077.0
66586;222;37;Litomerice;38463211;OP;93:04:10;credit;collection from another bank;;34409.0;34909.0
1049885;3592;54;Brno - mesto;73166322;MN;93:04:10;credit;collection from another bank;old-age pension;6007.0;24702.6
364543;1239;1;Hl.m. Praha;;;93:04:10;credit;credit in cash;;900.0;900.0
756508;2581;72;Olomouc;;;93:04:10;credit;credit in cash;;3300.0;23504.5
253164;866;9;Nymburk;;;93:04:10;withdrawal;withdrawal in cash;;4800.0;30938.4
411684;1402;74;Ostrava - mesto;;;93:04:10;credit;credit in cash;;9006.0;9406.0
92887;317;76;Sumperk;16824597;CD;93:04:10;credit;collection from another bank;old-age pension;5922.0;12646.4
26049;86;54;Brno - mesto;93896942;ST;93:04:11;credit;collection from another bank;;3243.0;7297.4
29111;96;68;Frydek - Mistek;68241083;GH;93:04:11;credit;collection from another bank;;44221.0;78096.6
237947;813;16;Jindrichuv Hradec;;;93:04:11;withdrawal;withdrawal in cash;;8000.0;30387.4
237653;813;16;Jindrichuv Hradec;19537103;QR;93:04:11;credit;collection from another bank;;12154.0;38387.4
1075424;3674;38;Louny;;;93:04:11;credit;credit in cash;;6500.0;19227.7
1190756;4078;40;Teplice;;;93:04:11;credit;credit in cash;;23736.0;61448.2
174566;588;66;Zdar nad Sazavou;;;93:04:11;credit;credit in cash;;7634.0;8634.0
394002;1338;74;Ostrava - mesto;;;93:04:11;withdrawal;withdrawal in cash;;26300.0;51243.5
117497;395;1;Hl.m. Praha;;;93:04:11;withdrawal;withdrawal in cash;;1600.0;20854.0
740443;2528;65;Znojmo;44526660;AB;93:04:11;credit;collection from another bank;old-age pension;4236.0;5236.0
511268;1750;1;Hl.m. Praha;;;93:04:11;credit;credit in cash;;24863.0;63210.7
599371;2039;44;Chrudim;;;93:04:11;credit;credit in cash;;13700.0;14000.0
1602525;5442;34;Chomutov;;;93:04:11;credit;credit in cash;;22060.0;64727.4
171816;576;55;Brno - venkov;30300313;YZ;93:04:11;credit;collection from another bank;old-age pension;6207.0;25807.3
113880;385;5;Kolin;60511863;IJ;93:04:11;credit;collection from another bank;;3469.0;4469.0
900593;3069;66;Zdar nad Sazavou;;;93:04:11;credit;credit in cash;;23156.0;23556.0
887178;3026;24;Karlovy Vary;;;93:04:11;credit;credit in cash;;20740.0;45219.4
796077;2712;9;Nymburk;16008741;YZ;93:04:11;credit;collection from another bank;old-age pension;6604.0;7004.0
758171;2585;75;Prerov;;;93:04:11;withdrawal;withdrawal in cash;;6900.0;28379.5
850170;2896;29;Rokycany;36761188;QR;93:04:11;credit;collection from another bank;;3221.0;3621.0
506840;1731;33;Decin;89825009;GH;93:04:11;credit;collection from another bank;old-age pension;4758.0;14474.0
846797;2884;1;Hl.m. Praha;;;93:04:11;credit;credit in cash;;5810.0;26217.2
204967;697;28;Plzen - sever;;;93:04:11;credit;credit in cash;;22067.0;46356.8
252648;866;9;Nymburk;;;93:04:11;credit;credit in cash;;12644.0;43582.4
101686;346;37;Litomerice;;;93:04:11;withdrawal;withdrawal in cash;;15200.0;38890.9
184685;627;63;Vyskov;;;93:04:11;credit;credit in cash;;22349.0;57769.3
550089;1874;9;Nymburk;74529486;YZ;93:04:11;credit;collection from another bank;;3151.0;3551.0
491817;1678;1;Hl.m. Praha;;;93:04:11;credit;credit in cash;;23116.0;46256.8
518385;1771;69;Jesenik;;;93:04:11;credit;credit in cash;;4579.0;5079.0
1736611;5891;54;Brno - mesto;51054984;CD;93:04:12;credit;collection from another bank;;32594.0;74134.4
451459;1535;46;Nachod;;;93:04:12;credit;credit in cash;;4136.0;4336.0
451894;1536;41;Usti nad Labem;51120805;QR;93:04:12;credit;collection from another bank;;25609.0;65482.9
1106917;3781;31;Tachov;;;93:04:12;credit;credit in cash;;24033.0;24833.0
1183180;4055;23;Cheb;;;93:04:12;credit;credit in cash;;20281.0;56574.2
671441;2293;31;Tachov;62203752;EF;93:04:12;credit;collection from another bank;old-age pension;6745.0;14190.0
537465;1829;43;Hradec Kralove;;;93:04:12;credit;credit in cash;;7429.0;22464.1
777542;2651;2;Benesov;13750350;EF;93:04:12;credit;collection from another bank;;35929.0;36129.0
782002;2666;49;Semily;69472062;IJ;93:04:12;credit;collection from another bank;;2901.0;6411.4
1146747;3923;52;Usti nad Orlici;;;93:04:12;credit;credit in cash;;21971.0;22371.0
126011;425;9;Nymburk;;;93:04:12;credit;credit in cash;;5893.0;6293.0
127571;428;1;Hl.m. Praha;71194147;CD;93:04:12;credit;collection from another bank;old-age pension;6614.0;13428.0
2910859;9640;1;Hl.m. Praha;;;93:04:12;credit;credit in cash;;500.0;20754.8
359515;1222;66;Zdar nad Sazavou;77489798;KL;93:04:12;credit;collection from another bank;old-age pension;6310.0;19630.0
1122694;3835;50;Svitavy;;;93:04:12;credit;credit in cash;;14233.0;15133.0
754236;2574;68;Frydek - Mistek;;;93:04:12;credit;credit in cash;;14319.0;40806.6
689831;2357;19;Prachatice;34144538;OP;93:04:12;credit;collection from another bank;old-age pension;6434.0;26615.7
729002;2493;62;Uherske Hradiste;;;93:04:12;credit;credit in cash;;8063.0;8363.0
725755;2484;74;Ostrava - mesto;;;93:04:12;credit;credit in cash;;14779.0;49645.3
707249;2423;30;Sokolov;2074182;UV;93:04:12;credit;collection from another bank;old-age pension;5671.0;11742.0
565658;1926;37;Litomerice;;;93:04:12;credit;credit in cash;;4507.0;30895.3
857977;2925;1;Hl.m. Praha;;;93:04:12;credit;credit in cash;;6446.0;34082.7
993940;3391;74;Ostrava - mesto;;;93:04:12;credit;credit in cash;;16980.0;17280.0
811287;2763;64;Zlin;;;93:04:12;withdrawal;withdrawal in cash;;8600.0;38475.9
207268;704;55;Brno - venkov;;;93:04:12;credit;credit in cash;;17477.0;52306.9
2242714;7401;1;Hl.m. Praha;66487163;ST;93:04:12;credit;collection from another bank;;20236.0;45285.5
873129;2974;9;Nymburk;85955059;QR;93:04:12;credit;collection from another bank;old-age pension;5582.0;6682.0
615785;2099;3;Beroun;;;93:04:12;withdrawal;withdrawal in cash;;27100.0;47892.5
941431;3213;51;Trutnov;;;93:04:12;credit;credit in cash;;400.0;400.0
280;2;1;Hl.m. Praha;66487163;ST;93:04:12;credit;collection from another bank;;20236.0;45285.5
477642;1628;60;Prostejov;15916598;UV;93:04:12;credit;collection from another bank;old-age pension;4276.0;17858.8
250306;860;1;Hl.m. Praha;;;93:04:12;credit;credit in cash;;13185.0;13785.0
309328;1054;10;Praha - vychod;;;93:04:12;credit;credit in cash;;9650.0;26925.5
307765;1050;57;Hodonin;2865469;WX;93:04:12;credit;collection from another bank;;25317.0;50854.6
1050258;3593;1;Hl.m. Praha;;;93:04:12;credit;credit in cash;;15787.0;35706.1
1450260;4937;12;Pribram;43502605;OP;93:04:12;withdrawal;remittance to another bank; ;800.0;73271.2
717566;2458;40;Teplice;55121827;WX;93:04:12;credit;collection from another bank;;25920.0;27020.0
1121967;3834;54;Brno - mesto;;;93:04:12;credit;credit in cash;;13875.0;42359.5
2521743;8321;77;Vsetin;;;93:04:12;credit;credit in cash;;800.0;800.0
83662;280;25;Klatovy;;;93:04:12;credit;credit in cash;;12043.0;37633.1
711852;2434;17;Pelhrimov;;;93:04:12;credit;credit in cash;;4391.0;27746.7
2579154;8519;23;Cheb;16093504;OP;93:04:12;credit;collection from another bank;;37346.0;38446.0
490781;1675;36;Liberec;50350195;AB;93:04:12;credit;collection from another bank;old-age pension;4327.0;14117.3
1066288;3644;38;Louny;81058329;CD;93:04:13;credit;collection from another bank;;3456.0;4456.0
1066284;3644;38;Louny;;;93:04:13;credit;credit in cash;;1000.0;1000.0
48644;163;30;Sokolov;76209622;YZ;93:04:13;credit;collection from another bank;old-age pension;6698.0;20994.0
34888;112;6;Kutna Hora;24612278;EF;93:04:13;credit;collection from another bank;old-age pension;6582.0;13381.3
452736;1539;1;Hl.m. Praha;;;93:04:13;credit;credit in cash;;32327.0;65348.9
142154;477;1;Hl.m. Praha;;;93:04:13;credit;credit in cash;;16392.0;46775.5
175001;588;66;Zdar nad Sazavou;;;93:04:13;credit;credit in cash;;8200.0;16834.0
776418;2648;51;Trutnov;;;93:04:13;credit;credit in cash;;400.0;400.0
571553;1944;72;Olomouc;;;93:04:13;withdrawal;withdrawal in cash;;6800.0;32912.4
785194;2676;73;Opava;;;93:04:13;credit;credit in cash;;15263.0;44902.6
3314628;11013;1;Hl.m. Praha;45816707;YZ;93:04:13;credit;collection from another bank;;42244.0;78165.1
577582;1966;27;Plzen - jih;;;93:04:13;withdrawal;withdrawal in cash;;5700.0;29003.1
2910391;9640;1;Hl.m. Praha;13876933;UV;93:04:13;credit;collection from another bank;;19106.0;39860.8
1256508;4296;63;Vyskov;;;93:04:13;credit;credit in cash;;18729.0;53999.2
1262485;4318;33;Decin;;;93:04:13;credit;credit in cash;;200.0;200.0
439039;1493;41;Usti nad Labem;54522466;AB;93:04:13;credit;collection from another bank;old-age pension;5009.0;20292.7
435766;1481;15;Cesky Krumlov;21098941;AB;93:04:13;credit;collection from another bank;;3098.0;10294.0
833171;2838;3;Beroun;;;93:04:13;credit;credit in cash;;900.0;900.0
1273278;4355;31;Tachov;;;93:04:13;credit;credit in cash;;1400.0;20415.8
1101123;3760;44;Chrudim;;;93:04:13;withdrawal;withdrawal in cash;;19800.0;46120.2
218882;744;42;Havlickuv Brod;94336568;GH;93:04:13;credit;collection from another bank;old-age pension;5740.0;11895.7
987042;3367;1;Hl.m. Praha;;;93:04:13;credit;credit in cash;;22608.0;23408.0
2135548;7231;10;Praha - vychod;;;93:04:13;withdrawal;withdrawal in cash;;33600.0;55560.3
914522;3117;33;Decin;1493776;CD;93:04:13;credit;collection from another bank;old-age pension;5355.0;11610.0
676805;2313;26;Plzen - mesto;;;93:04:13;credit;credit in cash;;1000.0;1000.0
618171;2110;64;Zlin;47164356;WX;93:04:13;credit;collection from another bank;;3076.0;6752.0
660838;2256;48;Rychnov nad Kneznou;59773492;AB;93:04:13;credit;collection from another bank;old-age pension;4729.0;14922.5
1039121;3554;66;Zdar nad Sazavou;;;93:04:13;credit;credit in cash;;500.0;35157.3
1036267;3545;51;Trutnov;;;93:04:13;credit;credit in cash;;20203.0;42745.3
480218;1637;1;Hl.m. Praha;45134812;UV;93:04:13;credit;collection from another bank;old-age pension;5718.0;23439.7
527452;1801;46;Nachod;;;93:04:13;credit;credit in cash;;31467.0;120512.8
528026;1801;46;Nachod;;;93:04:13;withdrawal;withdrawal in cash;;54300.0;66212.8
1142762;3909;1;Hl.m. Praha;;;93:04:13;credit;credit in cash;;24400.0;59685.2
1450188;4937;12;Pribram;13841212;OP;93:04:13;withdrawal;remittance to another bank; household;2687.0;70584.2
404594;1378;59;Kromeriz;;;93:04:13;credit;credit in cash;;24419.0;50603.2
717832;2458;40;Teplice;;;93:04:13;credit;credit in cash;;300.0;27320.0
716045;2453;1;Hl.m. Praha;70054560;OP;93:04:13;credit;collection from another bank;;3285.0;6979.4
871635;2970;60;Prostejov;;;93:04:13;credit;credit in cash;;9658.0;34584.7
756211;2581;72;Olomouc;;;93:04:13;credit;credit in cash;;19653.0;43157.5
757957;2585;75;Prerov;;;93:04:13;credit;credit in cash;;14963.0;43342.5
622631;2124;69;Jesenik;;;93:04:13;credit;credit in cash;;21431.0;45494.3
1549101;5270;44;Chrudim;;;93:04:13;withdrawal;withdrawal in cash;;11900.0;37185.0
505244;1726;48;Rychnov nad Kneznou;;;93:04:13;credit;credit in cash;;13967.0;48389.7
846010;2881;70;Karvina;;;93:04:13;credit;credit in cash;;6959.0;33335.7
410114;1397;17;Pelhrimov;;;93:04:13;credit;credit in cash;;17278.0;17978.0
1021124;3487;41;Usti nad Labem;;;93:04:13;credit;credit in cash;;15914.0;53185.4
94648;322;1;Hl.m. Praha;;;93:04:13;credit;credit in cash;;16646.0;37920.6
2349720;7753;74;Ostrava - mesto;;;93:04:14;credit;credit in cash;;42008.0;94111.4
963188;3283;68;Frydek - Mistek;;;93:04:14;credit;credit in cash;;18467.0;18767.0
39493;128;2;Benesov;;;93:04:14;credit;credit in cash;;1800.0;13618.5
2102564;7123;64;Zlin;;;93:04:14;credit;credit in cash;;200.0;200.0
1195294;4093;1;Hl.m. Praha;;;93:04:14;credit;credit in cash;;700.0;1100.0
131926;443;64;Zlin;29172384;ST;93:04:14;credit;collection from another bank;;3058.0;9674.0
1977905;6701;49;Semily;;;93:04:14;withdrawal;withdrawal in cash;;1000.0;28305.6
391498;1332;59;Kromeriz;;;93:04:14;credit;credit in cash;;22335.0;22635.0
349919;1189;59;Kromeriz;3054506;ST;93:04:14;credit;collection from another bank;;3433.0;4033.0
122246;411;70;Karvina;;;93:04:14;credit;credit in cash;;18497.0;52563.8
577278;1966;27;Plzen - jih;;;93:04:14;credit;credit in cash;;20567.0;49570.1
745026;2543;68;Frydek - Mistek;4203528;CD;93:04:14;credit;collection from another bank;old-age pension;6148.0;19590.4
2908692;9635;70;Karvina;37906074;CD;93:04:14;credit;collection from another bank;old-age pension;4470.0;18343.5
1136716;3883;72;Olomouc;;;93:04:14;credit;credit in cash;;11800.0;13002.3
727888;2489;72;Olomouc;23886204;YZ;93:04:14;credit;collection from another bank;old-age pension;5781.0;12478.2
1598765;5428;24;Karlovy Vary;;;93:04:14;credit;credit in cash;;1000.0;1000.0
858903;2926;50;Svitavy;;;93:04:14;withdrawal;withdrawal in cash;;6800.0;29797.2
1028508;3513;20;Strakonice;;;93:04:14;credit;credit in cash;;19078.0;40103.4
166985;559;46;Nachod;74414402;OP;93:04:14;credit;collection from another bank;old-age pension;5672.0;11658.4
55849;187;5;Kolin;69323509;IJ;93:04:14;credit;collection from another bank;old-age pension;4197.0;4397.0
66924;222;37;Litomerice;;;93:04:14;withdrawal;withdrawal in cash;;4500.0;30409.0
911511;3108;53;Blansko;40405446;QR;93:04:14;credit;collection from another bank;;3063.0;3663.0
699224;2393;10;Praha - vychod;;;93:04:14;credit;credit in cash;;10737.0;40197.3
876081;2985;71;Novy Jicin;19389057;ST;93:04:14;credit;collection from another bank;old-age pension;4519.0;4919.0
902734;3076;54;Brno - mesto;57857745;MN;93:04:14;credit;collection from another bank;old-age pension;4164.0;4864.0
2192;9;70;Karvina;;;93:04:14;credit;credit in cash;;800.0;19559.4
528027;1801;46;Nachod;;;93:04:14;withdrawal;withdrawal in cash;;22800.0;43412.8
615628;2099;3;Beroun;;;93:04:14;VYBER;withdrawal in cash;;20200.0;27692.5
1081331;3693;61;Trebic;;;93:04:14;credit;credit in cash;;15447.0;45128.4
1143206;3909;1;Hl.m. Praha;;;93:04:14;withdrawal;withdrawal in cash;;16400.0;43285.2
226658;772;45;Jicin;;;93:04:14;credit;credit in cash;;24009.0;59474.0
2809957;9307;68;Frydek - Mistek;;;93:04:14;credit;credit in cash;;8588.0;37215.4
1548753;5270;44;Chrudim;80269753;IJ;93:04:14;credit;collection from another bank;;44749.0;81934.0
849724;2895;19;Prachatice;;;93:04:14;credit;credit in cash;;18146.0;37136.6
3394150;11265;15;Cesky Krumlov;;;93:04:14;withdrawal;withdrawal in cash;;4800.0;28190.3
2521747;8321;77;Vsetin;;;93:04:14;credit;credit in cash;;10562.0;11362.0
106238;362;15;Cesky Krumlov;;;93:04:14;credit;credit in cash;;9542.0;10442.0
83230;279;39;Most;;;93:04:14;credit;credit in cash;;400.0;400.0
608139;2070;72;Olomouc;;;93:04:14;credit;credit in cash;;12138.0;40803.2
730775;2497;65;Znojmo;;;93:04:15;credit;credit in cash;;9600.0;15856.0
32215;104;37;Litomerice;;;93:04:15;credit;credit in cash;;500.0;500.0
339392;1152;45;Jicin;;;93:04:15;credit;credit in cash;;800.0;800.0
3315107;11013;1;Hl.m. Praha;;;93:04:15;withdrawal;withdrawal in cash;;26300.0;51865.1
148858;497;55;Brno - venkov;;;93:04:15;credit;credit in cash;;1000.0;1000.0
1123025;3835;50;Svitavy;;;93:04:15;credit;credit in cash;;5700.0;20833.0
1271156;4347;1;Hl.m. Praha;;;93:04:15;credit;credit in cash;;900.0;1600.0
726517;2486;1;Hl.m. Praha;;;93:04:15;credit;credit in cash;;42899.0;74031.5
621778;2122;68;Frydek - Mistek;;;93:04:15;credit;credit in cash;;9246.0;57450.3
403006;1372;1;Hl.m. Praha;;;93:04:15;credit;credit in cash;;13500.0;13800.0
25020;83;26;Plzen - mesto;;;93:04:16;credit;credit in cash;;500.0;500.0
502385;1713;43;Hradec Kralove;;;93:04:16;credit;credit in cash;;700.0;13103.0
976268;3327;45;Jicin;;;93:04:16;credit;credit in cash;;1100.0;1100.0
315563;1077;14;Ceske Budejovice;;;93:04:16;credit;credit in cash;;1500.0;16905.0
167905;562;50;Svitavy;;;93:04:16;credit;credit in cash;;1900.0;16214.6
2256153;7445;64;Zlin;;;93:04:16;credit;credit in cash;;8677.0;26754.0
880817;3001;1;Hl.m. Praha;;;93:04:16;credit;credit in cash;;1000.0;1400.0
1693618;5740;43;Hradec Kralove;;;93:04:16;credit;credit in cash;;800.0;800.0
402750;1372;1;Hl.m. Praha;;;93:04:16;credit;credit in cash;;1000.0;14800.0
589563;2008;52;Usti nad Orlici;;;93:04:16;credit;credit in cash;;700.0;700.0
1109465;3788;70;Karvina;;;93:04:17;credit;credit in cash;;1800.0;2100.0
647967;2216;74;Ostrava - mesto;;;93:04:17;credit;credit in cash;;900.0;900.0
1003508;3424;74;Ostrava - mesto;;;93:04:17;withdrawal;withdrawal in cash;;3000.0;31923.5
3235268;10738;45;Jicin;;;93:04:17;credit;credit in cash;;200.0;200.0
144921;485;6;Kutna Hora;;;93:04:17;VYBER;withdrawal in cash;;14491.0;21393.0
532724;1815;66;Zdar nad Sazavou;;;93:04:17;credit;credit in cash;;500.0;500.0
3123299;10364;55;Brno - venkov;;;93:04:17;withdrawal;withdrawal in cash;;10300.0;33818.1
312013;1065;72;Olomouc;;;93:04:17;credit;credit in cash;;1300.0;1700.0
1136411;3883;72;Olomouc;;;93:04:17;credit;credit in cash;;500.0;13502.3
2465716;8132;5;Kolin;;;93:04:17;credit;credit in cash;;700.0;700.0
160857;539;13;Rakovnik;;;93:04:17;credit;credit in cash;;3100.0;17300.0
2256519;7445;64;Zlin;;;93:04:17;credit;credit in cash;;100.0;26854.0
1039422;3554;66;Zdar nad Sazavou;;;93:04:17;withdrawal;withdrawal in cash;;6700.0;28457.3
285367;979;21;Tabor;;;93:04:17;withdrawal;withdrawal in cash;;4600.0;33465.8
796789;2714;1;Hl.m. Praha;;;93:04:17;credit;credit in cash;;1300.0;23237.3
35863;115;68;Frydek - Mistek;;;93:04:18;credit;credit in cash;;7300.0;15765.0
39565;128;2;Benesov;;;93:04:18;credit;credit in cash;;600.0;14218.5
1779375;6034;6;Kutna Hora;;;93:04:18;withdrawal;withdrawal in cash;;16300.0;45076.4
1109537;3788;70;Karvina;;;93:04:18;credit;credit in cash;;1000.0;3100.0
647968;2216;74;Ostrava - mesto;;;93:04:18;credit;credit in cash;;7928.0;8828.0
1176618;4034;1;Hl.m. Praha;;;93:04:18;withdrawal;withdrawal in cash;;100.0;26934.1
393515;1338;74;Ostrava - mesto;;;93:04:18;credit;credit in cash;;13327.0;64570.5
3331814;11065;11;Praha - zapad;;;93:04:18;credit;credit in cash;;6000.0;18955.0
126448;425;9;Nymburk;;;93:04:18;credit;credit in cash;;9600.0;15893.0
119793;401;32;Ceska Lipa;;;93:04:18;withdrawal;withdrawal in cash;;5400.0;33677.1
740278;2527;38;Louny;;;93:04:18;withdrawal;withdrawal in cash;;3400.0;24942.4
1263401;4321;47;Pardubice;;;93:04:18;credit;credit in cash;;1000.0;1000.0
828854;2823;57;Hodonin;;;93:04:18;credit;credit in cash;;300.0;300.0
1136483;3883;72;Olomouc;;;93:04:18;credit;credit in cash;;700.0;14202.3
1273350;4355;31;Tachov;;;93:04:18;credit;credit in cash;;1500.0;21915.8
1598769;5428;24;Karlovy Vary;;;93:04:18;credit;credit in cash;;35931.0;36931.0
990108;3374;21;Tabor;;;93:04:18;withdrawal;withdrawal in cash;;3200.0;32483.5
167977;562;50;Svitavy;;;93:04:18;credit;credit in cash;;1900.0;18114.6
1036527;3545;51;Trutnov;;;93:04:18;withdrawal;withdrawal in cash;;10600.0;32145.3
1039193;3554;66;Zdar nad Sazavou;;;93:04:18;credit;credit in cash;;900.0;29357.3
615544;2099;3;Beroun;;;93:04:18;credit;credit in cash;;43854.0;71546.5
880889;3001;1;Hl.m. Praha;;;93:04:18;credit;credit in cash;;1100.0;2500.0
250605;860;1;Hl.m. Praha;;;93:04:18;credit;credit in cash;;2700.0;16485.0
2984715;9883;1;Hl.m. Praha;;;93:04:18;credit;credit in cash;;9800.0;10300.0
695259;2378;16;Jindrichuv Hradec;;;93:04:19;credit;credit in cash;;29841.0;54426.6
29728;96;68;Frydek - Mistek;;;93:04:19;withdrawal;withdrawal in cash;;24700.0;53396.6
451753;1535;46;Nachod;;;93:04:19;credit;credit in cash;;7500.0;11836.0
1075929;3675;64;Zlin;;;93:04:19;withdrawal;withdrawal in cash;;8500.0;38299.0
1598771;5428;24;Karlovy Vary;;;93:04:19;credit;credit in cash;;47436.0;84367.0
810662;2762;19;Prachatice;;;93:04:19;withdrawal;withdrawal in cash;;39300.0;64164.0
2258770;7454;4;Kladno;;;93:04:19;credit;credit in cash;;500.0;500.0
900892;3069;66;Zdar nad Sazavou;;;93:04:19;withdrawal;withdrawal in cash;;300.0;23256.0
887467;3026;24;Karlovy Vary;;;93:04:19;withdrawal;withdrawal in cash;;12400.0;32819.4
1050619;3593;1;Hl.m. Praha;;;93:04:19;withdrawal;withdrawal in cash;;7500.0;28206.1
2780398;9203;70;Karvina;;;93:04:19;credit;credit in cash;;12782.0;24082.0
956584;3260;68;Frydek - Mistek;;;93:04:19;credit;credit in cash;;37304.0;37704.0
1122557;3834;54;Brno - mesto;;;93:04:19;withdrawal;withdrawal in cash;;7600.0;34759.5
519185;1773;33;Decin;;;93:04:19;credit;credit in cash;;300.0;300.0
2350080;7753;74;Ostrava - mesto;;;93:04:20;withdrawal;withdrawal in cash;;39200.0;63204.4
2349712;7753;74;Ostrava - mesto;;;93:04:20;credit;credit in cash;;8293.0;102404.4
39756;128;2;Benesov;;;93:04:20;credit;credit in cash;;2800.0;17018.5
1109310;3787;70;Karvina;;;93:04:20;withdrawal;withdrawal in cash;;12200.0;32334.8
777949;2651;2;Benesov;;;93:04:20;withdrawal;withdrawal in cash;;6700.0;29429.0
3302598;10973;18;Pisek;;;93:04:20;credit;credit in cash;;8897.0;8897.0
3302582;10973;18;Pisek;;;93:04:20;credit;credit in cash;;400.0;9297.0
761346;2599;48;Rychnov nad Kneznou;;;93:04:20;credit;credit in cash;;600.0;600.0
1602524;5442;34;Chomutov;;;93:04:20;credit;credit in cash;;31932.0;96659.4
56222;188;54;Brno - mesto;;;93:04:20;credit;credit in cash;;700.0;700.0
64023;212;27;Plzen - jih;;;93:04:20;withdrawal;withdrawal in cash;;40100.0;64597.3
309621;1054;10;Praha - vychod;;;93:04:20;withdrawal;withdrawal in cash;;700.0;26225.5
2349702;7753;74;Ostrava - mesto;;;93:04:21;credit;credit in cash;;9229.0;72433.4
299432;1019;52;Usti nad Orlici;;;93:04:21;withdrawal;withdrawal in cash;;12800.0;42189.0
343678;1166;11;Praha - zapad;;;93:04:21;credit;credit in cash;;200.0;200.0
136150;456;49;Semily;;;93:04:21;withdrawal;withdrawal in cash;;39800.0;64727.2
137126;459;47;Pardubice;;;93:04:21;credit;credit in cash;;6500.0;24000.0
150855;504;73;Opava;;;93:04:21;credit;credit in cash;;1100.0;1100.0
1603014;5442;34;Chomutov;;;93:04:21;withdrawal;withdrawal in cash;;37500.0;59159.4
989758;3374;21;Tabor;;;93:04:21;credit;credit in cash;;45670.0;78153.5
524054;1787;30;Sokolov;;;93:04:21;credit;credit in cash;;9900.0;11000.0
446904;1518;67;Bruntal;;;93:04:21;credit;credit in cash;;200.0;200.0
227107;772;45;Jicin;;;93:04:21;withdrawal;withdrawal in cash;;16700.0;42774.0
1450520;4937;12;Pribram;;;93:04:21;withdrawal;withdrawal in cash;;19800.0;50784.2
622997;2124;69;Jesenik;;;93:04:21;withdrawal;withdrawal in cash;;12300.0;33194.3
410412;1397;17;Pelhrimov;;;93:04:21;credit;credit in cash;;4700.0;22678.0
3403040;11295;74;Ostrava - mesto;;;93:04:21;withdrawal;withdrawal in cash;;10700.0;38643.6
94941;322;1;Hl.m. Praha;;;93:04:21;withdrawal;withdrawal in cash;;5900.0;32020.6
695460;2378;16;Jindrichuv Hradec;;;93:04:22;withdrawal;withdrawal in cash;;1500.0;52926.6
640992;2189;75;Prerov;;;93:04:22;credit;credit in cash;;700.0;700.0
1781282;6040;1;Hl.m. Praha;;;93:04:22;credit;credit in cash;;1100.0;1100.0
452240;1536;41;Usti nad Labem;;;93:04:22;withdrawal;withdrawal in cash;;19700.0;45782.9
2102583;7123;64;Zlin;;;93:04:22;credit;credit in cash;;26000.0;26200.0
785634;2676;73;Opava;;;93:04:22;withdrawal;withdrawal in cash;;8800.0;36102.6
1273579;4355;31;Tachov;;;93:04:22;credit;credit in cash;;800.0;22715.8
871811;2970;60;Prostejov;;;93:04:22;withdrawal;withdrawal in cash;;6000.0;28584.7
844566;2876;52;Usti nad Orlici;;;93:04:22;credit;credit in cash;;200.0;200.0
88594;299;77;Vsetin;;;93:04:22;credit;credit in cash;;33882.0;34482.0
1108318;3785;10;Praha - vychod;;;93:04:23;credit;credit in cash;;1500.0;25542.0
1076871;3678;1;Hl.m. Praha;;;93:04:23;credit;credit in cash;;5300.0;15001.0
2034892;6897;48;Rychnov nad Kneznou;;;93:04:23;credit;credit in cash;;200.0;200.0
1977583;6701;49;Semily;;;93:04:23;credit;credit in cash;;28137.0;56442.6
881128;3001;1;Hl.m. Praha;;;93:04:23;credit;credit in cash;;12200.0;14700.0
442455;1505;69;Jesenik;;;93:04:23;credit;credit in cash;;400.0;400.0
2780391;9203;70;Karvina;;;93:04:23;credit;credit in cash;;10601.0;34683.0
193437;655;53;Blansko;;;93:04:23;withdrawal;withdrawal in cash;;700.0;23925.0
2502174;8260;31;Tachov;;;93:04:23;withdrawal;withdrawal in cash;;8200.0;29435.0
84103;280;25;Klatovy;;;93:04:23;withdrawal;withdrawal in cash;;4800.0;32833.1
708374;2425;41;Usti nad Labem;;;93:04:23;withdrawal;withdrawal in cash;;7300.0;27616.5
492188;1678;1;Hl.m. Praha;;;93:04:23;withdrawal;withdrawal in cash;;12100.0;34156.8
270134;925;59;Kromeriz;;;93:04:24;withdrawal;withdrawal in cash;;6900.0;34821.8
1195534;4093;1;Hl.m. Praha;;;93:04:24;credit;credit in cash;;10600.0;11700.0
1183401;4055;23;Cheb;;;93:04:24;withdrawal;withdrawal in cash;;16400.0;40174.2
391794;1332;59;Kromeriz;;;93:04:24;withdrawal;withdrawal in cash;;1300.0;21335.0
2931453;9707;70;Karvina;;;93:04:24;credit;credit in cash;;500.0;500.0
294328;1005;54;Brno - mesto;;;93:04:24;withdrawal;withdrawal in cash;;18700.0;45193.6
990109;3374;21;Tabor;;;93:04:24;withdrawal;withdrawal in cash;;23700.0;102226.5
989750;3374;21;Tabor;;;93:04:24;credit;credit in cash;;47773.0;125926.5
1279347;4377;28;Plzen - sever;;;93:04:24;credit;credit in cash;;500.0;500.0
210940;717;75;Prerov;;;93:04:24;credit;credit in cash;;400.0;400.0
527453;1801;46;Nachod;;;93:04:24;credit;credit in cash;;5630.0;49042.8
1693621;5740;43;Hradec Kralove;;;93:04:24;credit;credit in cash;;42472.0;43272.0
1450116;4937;12;Pribram;0;;93:04:24;withdrawal;withdrawal in cash;;5400.0;45384.2
2810464;9307;68;Frydek - Mistek;;;93:04:24;withdrawal;withdrawal in cash;;7100.0;30115.4
504347;1721;68;Frydek - Mistek;;;93:04:24;credit;credit in cash;;9400.0;10500.0
1486387;5065;66;Zdar nad Sazavou;;;93:04:24;credit;credit in cash;;1700.0;26193.5
205251;697;28;Plzen - sever;;;93:04:24;withdrawal;withdrawal in cash;;8500.0;37856.8
957031;3260;68;Frydek - Mistek;;;93:04:24;withdrawal;withdrawal in cash;;23200.0;50451.0
956585;3260;68;Frydek - Mistek;;;93:04:24;credit;credit in cash;;35947.0;73651.0
963446;3283;68;Frydek - Mistek;;;93:04:25;credit;credit in cash;;400.0;19167.0
1736952;5891;54;Brno - mesto;;;93:04:25;withdrawal;withdrawal in cash;;24200.0;49934.4
1107171;3781;31;Tachov;;;93:04:25;credit;credit in cash;;800.0;25633.0
142594;477;1;Hl.m. Praha;;;93:04:25;withdrawal;withdrawal in cash;;12300.0;34475.5
826062;2814;72;Olomouc;;;93:04:25;credit;credit in cash;;500.0;500.0
1602520;5442;34;Chomutov;;;93:04:25;credit;credit in cash;;22673.0;81832.4
2127529;7203;71;Novy Jicin;;;93:04:25;credit;credit in cash;;12900.0;13800.0
900240;3068;59;Kromeriz;;;93:04:25;credit;credit in cash;;500.0;500.0
308091;1050;57;Hodonin;;;93:04:25;withdrawal;withdrawal in cash;;11000.0;39854.6
401330;1366;60;Prostejov;;;93:04:25;credit;credit in cash;;3000.0;24363.1
292549;1000;77;Vsetin;;;93:04:25;withdrawal;withdrawal in cash;;25700.0;48201.5
412192;1402;74;Ostrava - mesto;;;93:04:25;credit;credit in cash;;6700.0;16106.0
656184;2242;7;Melnik;;;93:04:26;withdrawal;withdrawal in cash;;27000.0;52710.3
695269;2378;16;Jindrichuv Hradec;;;93:04:26;credit;credit in cash;;15105.0;68031.6
270620;928;20;Strakonice;;;93:04:26;credit;credit in cash;;1100.0;1100.0
303130;1032;11;Praha - zapad;;;93:04:26;credit;credit in cash;;400.0;400.0
3235277;10738;45;Jicin;;;93:04:26;credit;credit in cash;;7586.0;7786.0
340909;1157;7;Melnik;;;93:04:26;credit;credit in cash;;11200.0;17488.0
772984;2639;17;Pelhrimov;;;93:04:26;credit;credit in cash;;800.0;800.0
2034903;6897;48;Rychnov nad Kneznou;;;93:04:26;credit;credit in cash;;28163.0;28363.0
2841503;9403;1;Hl.m. Praha;;;93:04:26;credit;credit in cash;;10000.0;10600.0
511640;1750;1;Hl.m. Praha;;;93:04:26;withdrawal;withdrawal in cash;;17400.0;45810.7
434246;1476;61;Trebic;;;93:04:26;credit;credit in cash;;200.0;200.0
312247;1065;72;Olomouc;;;93:04:26;credit;credit in cash;;13200.0;14900.0
1271418;4347;1;Hl.m. Praha;;;93:04:26;credit;credit in cash;;11100.0;12700.0
261802;897;38;Louny;;;93:04:26;credit;credit in cash;;600.0;600.0
594523;2023;68;Frydek - Mistek;;;93:04:26;withdrawal;withdrawal in cash;;17200.0;44205.4
484361;1649;46;Nachod;;;93:04:26;credit;credit in cash;;3500.0;20700.0
168214;562;50;Svitavy;;;93:04:26;credit;credit in cash;;3600.0;21714.6
71670;239;69;Jesenik;;;93:04:26;credit;credit in cash;;27035.0;41837.0
59201;197;1;Hl.m. Praha;;;93:04:26;withdrawal;withdrawal in cash;;11100.0;33851.6
2178;9;70;Karvina;;;93:04:26;credit;credit in cash;;14245.0;33804.4
1048590;3586;59;Kromeriz;;;93:04:26;credit;credit in cash;;5800.0;19051.0
284272;977;1;Hl.m. Praha;;;93:04:26;credit;credit in cash;;800.0;800.0
1579221;5369;54;Brno - mesto;;;93:04:26;credit;credit in cash;;600.0;22396.8
1911149;6473;12;Pribram;;;93:04:26;withdrawal;withdrawal in cash;;10500.0;40488.6
49021;163;30;Sokolov;;;93:04:27;withdrawal;withdrawal in cash;;500.0;20494.0
50042;168;31;Tachov;;;93:04:27;credit;credit in cash;;500.0;500.0
603929;2056;58;Jihlava;;;93:04:27;credit;credit in cash;;7520.0;7720.0
783620;2670;13;Rakovnik;;;93:04:27;withdrawal;withdrawal in cash;;19000.0;43761.7
148719;496;69;Jesenik;;;93:04:27;credit;credit in cash;;400.0;21216.3
636660;2175;1;Hl.m. Praha;;;93:04:27;credit;credit in cash;;400.0;400.0
1615045;5483;13;Rakovnik;;;93:04:27;credit;credit in cash;;4100.0;21202.0
752170;2566;48;Rychnov nad Kneznou;;;93:04:27;credit;credit in cash;;3400.0;19200.0
330949;1127;27;Plzen - jih;;;93:04:27;withdrawal;withdrawal in cash;;15000.0;42713.3
2243132;7401;1;Hl.m. Praha;;;93:04:27;withdrawal;withdrawal in cash;;11000.0;34285.5
698;2;1;Hl.m. Praha;;;93:04:27;withdrawal;withdrawal in cash;;11000.0;34285.5
2434;9;70;Karvina;;;93:04:27;withdrawal;withdrawal in cash;;6800.0;27004.4
2809955;9307;68;Frydek - Mistek;;;93:04:27;credit;credit in cash;;19773.0;49888.4
1910789;6473;12;Pribram;;;93:04:27;credit;credit in cash;;33772.0;74260.6
2525126;8330;48;Rychnov nad Kneznou;;;93:04:27;credit;credit in cash;;400.0;22118.0
518686;1771;69;Jesenik;;;93:04:27;credit;credit in cash;;9400.0;14479.0
1195280;4093;1;Hl.m. Praha;;;93:04:28;credit;credit in cash;;49614.0;61314.0
537768;1829;43;Hradec Kralove;;;93:04:28;credit;credit in cash;;2100.0;24564.1
1256738;4296;63;Vyskov;;;93:04:28;withdrawal;withdrawal in cash;;15300.0;38699.2
729268;2493;62;Uherske Hradiste;;;93:04:28;credit;credit in cash;;6700.0;15063.0
726928;2486;1;Hl.m. Praha;;;93:04:28;withdrawal;withdrawal in cash;;54100.0;48899.5
726520;2486;1;Hl.m. Praha;;;93:04:28;credit;credit in cash;;28968.0;102999.5
726929;2486;1;Hl.m. Praha;;;93:04:28;withdrawal;withdrawal in cash;;10000.0;38899.5
3047484;10105;55;Brno - venkov;;;93:04:28;credit;credit in cash;;600.0;600.0
1897654;6425;31;Tachov;;;93:04:28;credit;credit in cash;;6900.0;19968.0
527462;1801;46;Nachod;;;93:04:28;credit;credit in cash;;28095.0;77137.8
2780812;9203;70;Karvina;;;93:04:28;withdrawal;withdrawal in cash;;5400.0;29283.0
851696;2902;32;Ceska Lipa;;;93:04:28;withdrawal;withdrawal in cash;;16300.0;39852.2
408601;1392;60;Prostejov;;;93:04:28;credit;credit in cash;;700.0;700.0
106101;361;51;Trutnov;;;93:04:28;withdrawal;withdrawal in cash;;13900.0;35586.4
1779020;6034;6;Kutna Hora;;;93:04:29;credit;credit in cash;;5911.0;50987.4
1147010;3923;52;Usti nad Orlici;;;93:04:29;credit;credit in cash;;1800.0;24171.0
810838;2763;64;Zlin;;;93:04:29;credit;credit in cash;;45008.0;83483.9
2256141;7445;64;Zlin;;;93:04:29;credit;credit in cash;;13472.0;40326.0
615680;2099;3;Beroun;;;93:04:29;withdrawal;withdrawal in cash;;9300.0;62246.5
657180;2245;29;Rokycany;;;93:04:29;credit;credit in cash;;10400.0;10700.0
1082380;3697;45;Jicin;;;93:04:29;credit;credit in cash;;900.0;900.0
1081629;3693;61;Trebic;;;93:04:29;withdrawal;withdrawal in cash;;13200.0;31928.4
1562662;5313;40;Teplice;;;93:04:29;credit;credit in cash;;800.0;800.0
608429;2070;72;Olomouc;;;93:04:29;withdrawal;withdrawal in cash;;10500.0;30303.2
3564256;1019;52;Usti nad Orlici;;;93:04:30;credit;;interest credited;156.2;42345.2
3563620;1000;77;Vsetin;;;93:04:30;credit;;interest credited;181.6;48383.1
3563842;1006;6;Kutna Hora;;;93:04:30;credit;;interest credited;84.5;21905.9
3562940;982;54;Brno - mesto;;;93:04:30;credit;;interest credited;91.9;23326.2
3565279;1054;10;Praha - vychod;;;93:04:30;credit;;interest credited;85.6;26311.1
3562800;979;21;Tabor;;;93:04:30;credit;;interest credited;109.8;33575.6
3563772;1005;54;Brno - mesto;;;93:04:30;credit;;interest credited;137.8;45331.4
3565092;1050;57;Hodonin;;;93:04:30;credit;;interest credited;118.3;39972.8
695492;2378;16;Jindrichuv Hradec;;;93:04:30;withdrawal;withdrawal in cash;statement;14.6;68197.0
3593103;1898;70;Karvina;;;93:04:30;credit;;interest credited;37.6;11303.5
3591352;1843;12;Pribram;;;93:04:30;credit;;interest credited;132.8;49462.7
3590886;1830;10;Praha - vychod;;;93:04:30;credit;;interest credited;108.8;28344.6
3591424;1844;44;Chrudim;;;93:04:30;credit;;interest credited;15.6;13527.3
3590816;1829;43;Hradec Kralove;;;93:04:30;credit;;interest credited;66.6;24630.6
3618820;2670;13;Rakovnik;;;93:04:30;credit;;interest credited;162.5;43924.2
3617493;2632;24;Karlovy Vary;;;93:04:30;credit;;interest credited;192.4;47785.7
3618640;2666;49;Semily;;;93:04:30;credit;;interest credited;14.6;6426.0
3618043;2647;73;Opava;;;93:04:30;credit;;interest credited;140.4;37112.6
3619545;2694;7;Melnik;;;93:04:30;credit;;interest credited;143.7;41567.7
3619032;2676;73;Opava;;;93:04:30;credit;;interest credited;131.3;36233.9
3618209;2651;2;Benesov;;;93:04:30;credit;;interest credited;45.0;29474.0
3680255;7123;64;Zlin;;;93:04:30;credit;;interest credited;32.8;26232.8
3677025;6555;38;Louny;;;93:04:30;credit;;interest credited;227.9;53773.5
3676269;6425;31;Tachov;;;93:04:30;credit;;interest credited;8.3;19976.3
3677724;6701;49;Semily;;;93:04:30;credit;;interest credited;152.2;56594.8
3673342;5891;54;Brno - mesto;;;93:04:30;credit;;interest credited;179.6;50114.0
2350010;7753;74;Ostrava - mesto;;;93:04:30;withdrawal;withdrawal in cash;statement;14.6;72749.9
3438260;562;50;Svitavy;;;93:04:30;credit;;interest credited;69.0;21783.5
3580977;1536;41;Usti nad Labem;;;93:04:30;credit;;interest credited;173.2;45956.1
3579546;1493;41;Usti nad Labem;;;93:04:30;credit;;interest credited;21.7;20314.4
3578974;1477;1;Hl.m. Praha;;;93:04:30;credit;;interest credited;13.1;10189.1
3580906;1535;46;Nachod;;;93:04:30;credit;;interest credited;19.7;11855.7
3558615;862;64;Zlin;;;93:04:30;credit;;interest credited;379.7;95412.4
3559700;890;14;Ceske Budejovice;;;93:04:30;credit;;interest credited;128.7;32961.9
3558480;860;1;Hl.m. Praha;;;93:04:30;credit;;interest credited;29.8;16514.8
3561758;944;70;Karvina;;;93:04:30;credit;;interest credited;138.4;38148.6
3559278;882;9;Nymburk;;;93:04:30;credit;;interest credited;99.8;29208.9
3561688;943;1;Hl.m. Praha;;;93:04:30;credit;;interest credited;16.7;10498.2
3560980;925;59;Kromeriz;;;93:04:30;credit;;interest credited;108.0;34929.8
3558801;866;9;Nymburk;;;93:04:30;credit;;interest credited;182.1;43764.4
3452815;5868;44;Chrudim;;;93:04:30;credit;;interest credited;167.7;32827.5
3456442;9203;70;Karvina;;;93:04:30;credit;;interest credited;36.3;29319.3
3452209;5483;13;Rakovnik;;;93:04:30;credit;;interest credited;11.8;21213.8
3453041;6034;6;Kutna Hora;;;93:04:30;credit;;interest credited;252.7;51240.1
3454013;6897;48;Rychnov nad Kneznou;;;93:04:30;credit;;interest credited;19.7;28382.7
3453602;6473;12;Pribram;;;93:04:30;credit;;interest credited;224.7;74485.3
3454544;7445;64;Zlin;;;93:04:30;credit;;interest credited;59.7;40385.7
3454413;7231;10;Praha - vychod;;;93:04:30;credit;;interest credited;242.7;55803.0
3452672;5740;43;Hradec Kralove;;;93:04:30;credit;;interest credited;42.1;43314.1
3520590;10364;55;Brno - venkov;;;93:04:30;credit;;interest credited;131.4;33949.4
3509924;9307;68;Frydek - Mistek;;;93:04:30;credit;;interest credited;33.3;50053.2
3513204;9640;1;Hl.m. Praha;;;93:04:30;credit;;interest credited;131.5;39992.3
3575627;1378;59;Kromeriz;;;93:04:30;credit;;interest credited;169.0;50772.2
3576351;1402;74;Ostrava - mesto;;;93:04:30;credit;;interest credited;13.4;16119.4
3574570;1338;74;Ostrava - mesto;;;93:04:30;credit;;interest credited;225.2;64795.7
3575193;1366;60;Prostejov;;;93:04:30;credit;;interest credited;66.1;24429.1
3574322;1332;59;Kromeriz;;;93:04:30;credit;;interest credited;20.7;21355.7
3576189;1397;17;Pelhrimov;;;93:04:30;credit;;interest credited;31.5;22709.5
1190947;4078;40;Teplice;;;93:04:30;withdrawal;withdrawal in cash;;20800.0;40805.8
145059;485;6;Kutna Hora;;;93:04:30;withdrawal;withdrawal in cash;statement;100.0;21440.4
3442231;1372;1;Hl.m. Praha;;;93:04:30;credit;;interest credited;30.8;14830.8
3440465;1065;72;Olomouc;;;93:04:30;credit;;interest credited;10.3;14910.3
3440562;1077;14;Ceske Budejovice;;;93:04:30;credit;;interest credited;40.4;16945.5
3443443;1713;43;Hradec Kralove;;;93:04:30;credit;;interest credited;30.2;13133.2
3441055;1157;7;Melnik;;;93:04:30;credit;;interest credited;12.1;17500.1
3655393;3781;31;Tachov;;;93:04:30;credit;;interest credited;21.4;25654.4
3655555;3785;10;Praha - vychod;;;93:04:30;credit;;interest credited;28.4;25570.4
3655625;3787;70;Karvina;;;93:04:30;credit;;interest credited;111.5;32446.3
3654669;3760;44;Chrudim;;;93:04:30;credit;;interest credited;273.9;46394.1
3659417;3909;1;Hl.m. Praha;;;93:04:30;credit;;interest credited;165.7;43450.9
3657068;3834;54;Brno - mesto;;;93:04:30;credit;;interest credited;128.9;34888.4
3659636;3915;65;Znojmo;;;93:04:30;credit;;interest credited;84.6;23515.6
3659901;3923;52;Usti nad Orlici;;;93:04:30;credit;;interest credited;6.7;24177.7
3656582;3818;74;Ostrava - mesto;;;93:04:30;credit;;interest credited;219.7;53701.0
3660259;3935;23;Cheb;;;93:04:30;credit;;interest credited;78.1;23514.1
3657137;3835;50;Svitavy;;;93:04:30;credit;;interest credited;46.3;20879.3
3460039;299;77;Vsetin;;;93:04:30;credit;;interest credited;43.1;34525.1
3458836;11295;74;Ostrava - mesto;;;93:04:30;credit;;interest credited;139.2;38782.8
3461000;2056;58;Jihlava;;;93:04:30;credit;;interest credited;4.3;7724.3
3456847;9635;70;Karvina;;;93:04:30;credit;;interest credited;20.3;18363.8
3459529;128;2;Benesov;;;93:04:30;credit;;interest credited;57.8;17076.3
3460370;374;38;Louny;;;93:04:30;credit;;interest credited;167.4;42883.5
3459109;9;70;Karvina;;;93:04:30;credit;;interest credited;84.6;27089.0
3553436;697;28;Plzen - sever;;;93:04:30;credit;;interest credited;114.3;37971.2
3552059;652;21;Tabor;;;93:04:30;credit;;interest credited;187.8;46906.3
3551096;627;63;Vyskov;;;93:04:30;credit;;interest credited;224.4;57993.8
3552191;655;53;Blansko;;;93:04:30;credit;;interest credited;26.6;23951.6
3553664;704;55;Brno - venkov;;;93:04:30;credit;;interest credited;210.7;52517.6
3553027;686;41;Usti nad Labem;;;93:04:30;credit;;interest credited;37.2;11670.2
3650540;3644;38;Louny;;;93:04:30;credit;;interest credited;2.5;4458.5
3651537;3674;38;Louny;;;93:04:30;credit;;interest credited;53.0;19280.7
3651606;3675;64;Zlin;;;93:04:30;credit;;interest credited;63.8;38362.8
3648724;3593;1;Hl.m. Praha;;;93:04:30;credit;;interest credited;96.7;28302.8
3652283;3693;61;Trebic;;;93:04:30;credit;;interest credited;124.0;32052.4
576757;1965;57;Hodonin;;;93:04:30;credit;credit in cash;;8622.0;30051.5
542078;1843;12;Pribram;;;93:04:30;withdrawal;withdrawal in cash;;12200.0;37262.7
3629281;2985;71;Novy Jicin;;;93:04:30;credit;;interest credited;11.6;4930.6
3629870;3007;16;Jindrichuv Hradec;;;93:04:30;credit;;interest credited;227.5;57228.6
3631932;3069;66;Zdar nad Sazavou;;;93:04:30;credit;;interest credited;38.8;23294.8
3630424;3026;24;Karlovy Vary;;;93:04:30;credit;;interest credited;115.8;32935.2
3663006;4134;7;Melnik;;;93:04:30;credit;;interest credited;261.5;63174.4
3661669;3980;75;Prerov;;;93:04:30;credit;;interest credited;28.6;9383.6
1273510;4355;31;Tachov;;;93:04:30;withdrawal;withdrawal in cash;statement;14.6;22786.6
3585455;1675;36;Liberec;;;93:04:30;credit;;interest credited;22.6;14139.9
3583851;1628;60;Prostejov;;;93:04:30;credit;;interest credited;20.7;17879.6
3584204;1637;1;Hl.m. Praha;;;93:04:30;credit;;interest credited;25.9;23465.6
3585609;1678;1;Hl.m. Praha;;;93:04:30;credit;;interest credited;108.6;34265.4
3588508;1771;69;Jesenik;;;93:04:30;credit;;interest credited;8.0;14487.0
3588935;1780;1;Hl.m. Praha;;;93:04:30;credit;;interest credited;93.5;25992.5
3586194;1695;76;Sumperk;;;93:04:30;credit;;interest credited;50.1;25421.2
3587931;1750;1;Hl.m. Praha;;;93:04:30;credit;;interest credited;164.6;45975.2
3587288;1730;1;Hl.m. Praha;;;93:04:30;credit;;interest credited;62.8;20629.8
3589602;1801;46;Nachod;;;93:04:30;credit;;interest credited;242.0;77379.8
3587148;1726;48;Rychnov nad Kneznou;;;93:04:30;credit;;interest credited;197.4;48587.1
3615571;2574;68;Frydek - Mistek;;;93:04:30;credit;;interest credited;157.6;40964.2
3615840;2581;72;Olomouc;;;93:04:30;credit;;interest credited;141.5;43298.9
3615044;2555;53;Blansko;;;93:04:30;credit;;interest credited;148.0;42251.4
3614524;2543;68;Frydek - Mistek;;;93:04:30;credit;;interest credited;30.2;19620.6
3613966;2527;38;Louny;;;93:04:30;credit;;interest credited;118.0;25060.5
3641788;3367;1;Hl.m. Praha;;;93:04:30;credit;;interest credited;58.5;23466.5
3643352;3424;74;Ostrava - mesto;;;93:04:30;credit;;interest credited;187.8;32111.3
3642487;3391;74;Ostrava - mesto;;;93:04:30;credit;;interest credited;45.6;17325.6
3449865;4034;1;Hl.m. Praha;;;93:04:30;credit;;interest credited;100.3;27034.4
3449296;3678;1;Hl.m. Praha;;;93:04:30;credit;;interest credited;16.7;15017.7
3452028;5428;24;Karlovy Vary;;;93:04:30;credit;;interest credited;145.7;84512.7
3449099;3374;21;Tabor;;;93:04:30;credit;;interest credited;256.1;141658.7
3449458;3734;43;Hradec Kralove;;;93:04:30;credit;;interest credited;66.5;19662.8
3451813;5369;54;Brno - mesto;;;93:04:30;credit;;interest credited;71.6;22468.4
3509057;9203;70;Karvina;;;93:04:30;credit;;interest credited;32.2;29351.5
3501127;8519;23;Cheb;;;93:04:30;credit;;interest credited;96.1;38542.1
3498211;8260;31;Tachov;;;93:04:30;credit;;interest credited;32.7;29467.7
3498932;8321;77;Vsetin;;;93:04:30;credit;;interest credited;25.2;11414.1
3499109;8330;48;Rychnov nad Kneznou;;;93:04:30;credit;;interest credited;9.2;22139.5
3495773;8051;1;Hl.m. Praha;;;93:04:30;credit;;interest credited;146.1;38105.0
3508712;9188;45;Jicin;;;93:04:30;credit;;interest credited;80.4;27699.9
3549616;576;55;Brno - venkov;;;93:04:30;credit;;interest credited;29.6;25836.9
3547000;496;69;Jesenik;;;93:04:30;credit;;interest credited;67.4;21283.7
3549953;588;66;Zdar nad Sazavou;;;93:04:30;credit;;interest credited;42.1;16876.1
3549101;559;46;Nachod;;;93:04:30;credit;;interest credited;24.9;11683.3
3546686;485;6;Kutna Hora;;;93:04:30;credit;;interest credited;147.4;21540.4
3546930;494;60;Prostejov;;;93:04:30;credit;;interest credited;58.0;19938.0
3598963;2070;72;Olomouc;;;93:04:30;credit;;interest credited;119.6;30422.7
3600406;2122;68;Frydek - Mistek;;;93:04:30;credit;;interest credited;271.8;57722.1
3599470;2087;7;Melnik;;;93:04:30;credit;;interest credited;141.7;25612.8
3600537;2124;69;Jesenik;;;93:04:30;credit;;interest credited;112.9;33307.1
1313340;4484;54;Brno - mesto;;;93:04:30;withdrawal;withdrawal in cash;statement;14.6;46608.9
1602946;5442;34;Chomutov;;;93:04:30;withdrawal;withdrawal in cash;statement;14.6;82044.8
3466052;3510;41;Usti nad Labem;;;93:04:30;credit;;interest credited;99.3;25668.8
3467039;3788;70;Karvina;;;93:04:30;credit;;interest credited;5.9;3105.9
3467519;3883;72;Olomouc;;;93:04:30;credit;;interest credited;30.2;14232.4
3468440;4093;1;Hl.m. Praha;;;93:04:30;credit;;interest credited;32.0;61346.0
3468213;4055;23;Cheb;;;93:04:30;credit;;interest credited;154.6;40328.8
3468308;4078;40;Teplice;;;93:04:30;credit;;interest credited;157.6;61605.8
3466568;3586;59;Kromeriz;;;93:04:30;credit;;interest credited;13.2;19064.2
3466392;3554;66;Zdar nad Sazavou;;;93:04:30;credit;;interest credited;133.6;29490.9
3467904;3983;67;Bruntal;;;93:04:30;credit;;interest credited;172.7;43919.2
990039;3374;21;Tabor;;;93:04:30;withdrawal;withdrawal in cash;statement;14.6;97944.1
990110;3374;21;Tabor;;;93:04:30;withdrawal;withdrawal in cash;;43700.0;97958.7
989732;3374;21;Tabor;;;93:04:30;credit;credit in cash;;39176.0;141402.5
3448086;2585;75;Prerov;;;93:04:30;credit;;interest credited;167.0;43509.5
3444295;2099;3;Beroun;;;93:04:30;credit;;interest credited;277.4;62523.9
3444483;5065;66;Zdar nad Sazavou;;;93:04:30;credit;;interest credited;122.3;26315.7
3447024;1539;1;Hl.m. Praha;;;93:04:30;credit;;interest credited;257.1;65606.1
3463246;2714;1;Hl.m. Praha;;;93:04:30;credit;;interest credited;91.9;25929.2
3464387;3001;1;Hl.m. Praha;;;93:04:30;credit;;interest credited;18.1;14718.1
3463733;2817;56;Breclav;;;93:04:30;credit;;interest credited;45.6;13917.6
3462353;2458;40;Teplice;;;93:04:30;credit;;interest credited;68.3;27388.3
3604124;2241;6;Kutna Hora;;;93:04:30;credit;;interest credited;107.2;27735.8
3602141;2177;62;Uherske Hradiste;;;93:04:30;credit;;interest credited;24.7;21387.5
3604194;2242;7;Melnik;;;93:04:30;credit;;interest credited;162.3;52872.6
3603231;2216;74;Ostrava - mesto;;;93:04:30;credit;;interest credited;15.9;8843.9
3604751;2256;48;Rychnov nad Kneznou;;;93:04:30;credit;;interest credited;22.6;14945.2
72143;239;69;Jesenik;;;93:04:30;withdrawal;withdrawal in cash;;7900.0;34001.3
3541137;322;1;Hl.m. Praha;;;93:04:30;credit;;interest credited;103.5;32124.0
3542556;362;15;Cesky Krumlov;;;93:04:30;credit;;interest credited;24.7;10466.6
3540920;317;76;Sumperk;;;93:04:30;credit;;interest credited;3.3;12649.7
3542487;361;51;Trutnov;;;93:04:30;credit;;interest credited;111.7;35698.1
3542020;346;37;Litomerice;;;93:04:30;credit;;interest credited;155.3;39046.2
3539845;280;25;Klatovy;;;93:04:30;credit;;interest credited;114.4;32947.5
615715;2099;3;Beroun;;;93:04:30;withdrawal;withdrawal in cash;statement;30.0;62493.9
3567899;1132;1;Hl.m. Praha;;;93:04:30;credit;;interest credited;410.2;103567.6
3567575;1126;56;Breclav;;;93:04:30;credit;;interest credited;42.6;12829.6
3567646;1127;27;Plzen - jih;;;93:04:30;credit;;interest credited;147.5;42860.8
3568031;1134;6;Kutna Hora;;;93:04:30;credit;;interest credited;106.8;27904.9
3595438;1965;57;Hodonin;;;93:04:30;credit;;interest credited;66.5;21429.5
3595786;1972;77;Vsetin;;;93:04:30;credit;;interest credited;23.7;21682.4
3594800;1944;72;Olomouc;;;93:04:30;credit;;interest credited;118.4;33030.9
3594127;1926;37;Litomerice;;;93:04:30;credit;;interest credited;122.3;31017.6
3595509;1966;27;Plzen - jih;;;93:04:30;credit;;interest credited;179.5;49749.6
3597520;2023;68;Frydek - Mistek;;;93:04:30;credit;;interest credited;161.8;44367.3
3646120;3513;20;Strakonice;;;93:04:30;credit;;interest credited;130.0;40233.4
3645344;3487;41;Usti nad Labem;;;93:04:30;credit;;interest credited;210.8;53396.2
3646191;3514;7;Melnik;;;93:04:30;credit;;interest credited;16.7;10843.4
3648654;3592;54;Brno - mesto;;;93:04:30;credit;;interest credited;27.5;24730.1
3647082;3545;51;Trutnov;;;93:04:30;credit;;interest credited;111.2;32256.5
3554906;744;42;Havlickuv Brod;;;93:04:30;credit;;interest credited;25.6;11921.3
3556864;813;16;Jindrichuv Hradec;;;93:04:30;credit;;interest credited;142.9;30530.3
3557500;830;74;Ostrava - mesto;;;93:04:30;credit;;interest credited;110.3;29312.2
3555841;772;45;Jicin;;;93:04:30;credit;;interest credited;157.6;42931.6
3556400;793;47;Pardubice;;;93:04:30;credit;;interest credited;17.5;14471.7
1039353;3554;66;Zdar nad Sazavou;;;93:04:30;withdrawal;withdrawal in cash;statement;14.6;29476.3
527820;1801;46;Nachod;;;93:04:30;VYBER;withdrawal in cash;;5669.0;71710.8
527957;1801;46;Nachod;;;93:04:30;withdrawal;withdrawal in cash;statement;14.6;71696.2
3537853;222;37;Litomerice;;;93:04:30;credit;;interest credited;71.8;30480.8
3537490;212;27;Plzen - jih;;;93:04:30;credit;;interest credited;243.6;64841.0
3538538;239;69;Jesenik;;;93:04:30;credit;;interest credited;64.3;41901.3
3538742;244;24;Karlovy Vary;;;93:04:30;credit;;interest credited;85.2;22573.2
3536971;197;1;Hl.m. Praha;;;93:04:30;credit;;interest credited;104.1;33955.7
3535834;163;30;Sokolov;;;93:04:30;credit;;interest credited;11.4;20505.4
1450450;4937;12;Pribram;;;93:04:30;withdrawal;withdrawal in cash;statement;14.6;45644.9
1450427;4937;12;Pribram;;;93:04:30;withdrawal;withdrawal in cash;;6300.0;39344.9
3608666;2379;44;Chrudim;;;93:04:30;credit;;interest credited;106.5;27067.9
3607858;2357;19;Prachatice;;;93:04:30;credit;;interest credited;30.1;26645.9
3608595;2378;16;Jindrichuv Hradec;;;93:04:30;credit;;interest credited;179.9;68211.6
3609130;2393;10;Praha - vychod;;;93:04:30;credit;;interest credited;160.3;40357.6
797027;2714;1;Hl.m. Praha;;;93:04:30;credit;credit in cash;;2600.0;25837.3
3612566;2493;62;Uherske Hradiste;;;93:04:30;credit;;interest credited;6.3;15069.3
3612968;2503;1;Hl.m. Praha;;;93:04:30;credit;;interest credited;83.3;23157.3
3612224;2486;1;Hl.m. Praha;;;93:04:30;credit;;interest credited;159.6;39059.2
3612142;2484;74;Ostrava - mesto;;;93:04:30;credit;;interest credited;196.7;49842.0
3611046;2453;1;Hl.m. Praha;;;93:04:30;credit;;interest credited;15.4;6994.8
3612401;2489;72;Olomouc;;;93:04:30;credit;;interest credited;27.8;12506.0
3610112;2425;41;Usti nad Labem;;;93:04:30;credit;;interest credited;109.9;27726.4
3610583;2434;17;Pelhrimov;;;93:04:30;credit;;interest credited;103.8;27850.5
3612746;2497;65;Znojmo;;;93:04:30;credit;;interest credited;35.2;15891.2
3610370;2429;61;Trebic;;;93:04:30;credit;;interest credited;121.2;31404.7
3612331;2488;5;Kolin;;;93:04:30;credit;;interest credited;11.0;3457.0
3639164;3283;68;Frydek - Mistek;;;93:04:30;credit;;interest credited;16.0;19183.0
3639847;3302;21;Tabor;;;93:04:30;credit;;interest credited;55.2;17382.1
3638417;3260;68;Frydek - Mistek;;;93:04:30;credit;;interest credited;71.6;50522.6
3669817;5270;44;Chrudim;;;93:04:30;credit;;interest credited;281.6;82215.6
3667905;4937;12;Pribram;;;93:04:30;credit;;interest credited;275.3;45659.5
3670836;5442;34;Chomutov;;;93:04:30;credit;;interest credited;227.0;82059.4
3671896;5622;70;Karvina;;;93:04:30;credit;;interest credited;290.0;61651.8
3492042;7753;74;Ostrava - mesto;;;93:04:30;credit;;interest credited;331.1;72764.5
3488397;7445;64;Zlin;;;93:04:30;credit;;interest credited;54.1;40439.7
3479719;9265;1;Hl.m. Praha;;;93:04:30;credit;;interest credited;195.8;34550.1
3479191;9188;45;Jicin;;;93:04:30;credit;;interest credited;103.4;27803.2
3479819;9307;68;Frydek - Mistek;;;93:04:30;credit;;interest credited;131.5;50019.9
3487889;7401;1;Hl.m. Praha;;;93:04:30;credit;;interest credited;109.5;34394.9
622053;2122;68;Frydek - Mistek;;;93:04:30;withdrawal;withdrawal in cash;statement;14.6;57707.5
3546054;465;32;Ceska Lipa;;;93:04:30;credit;;interest credited;160.7;40081.9
3546416;477;1;Hl.m. Praha;;;93:04:30;credit;;interest credited;129.7;34605.2
3543134;385;5;Kolin;;;93:04:30;credit;;interest credited;12.4;4481.4
3544123;411;70;Karvina;;;93:04:30;credit;;interest credited;196.9;52760.7
3544291;415;25;Klatovy;;;93:04:30;credit;;interest credited;113.6;31577.2
3543440;395;1;Hl.m. Praha;;;93:04:30;credit;;interest credited;57.9;20911.9
3543741;401;32;Ceska Lipa;;;93:04:30;credit;;interest credited;122.6;33799.7
3543509;396;21;Tabor;;;93:04:30;credit;;interest credited;84.6;25452.6
3544564;425;9;Nymburk;;;93:04:30;credit;;interest credited;28.7;15921.7
3545701;456;49;Semily;;;93:04:30;credit;;interest credited;246.9;64974.1
3572391;1276;36;Liberec;;;93:04:30;credit;;interest credited;133.3;32954.1
3621884;2762;19;Prachatice;;;93:04:30;credit;;interest credited;284.9;64448.9
3621954;2763;64;Zlin;;;93:04:30;credit;;interest credited;205.7;83689.6
3533623;96;68;Frydek - Mistek;;;93:04:30;credit;;interest credited;173.5;53570.1
3533396;86;54;Brno - mesto;;;93:04:30;credit;;interest credited;16.8;7314.3
3534314;115;68;Frydek - Mistek;;;93:04:30;credit;;interest credited;28.5;15793.5
3534203;112;6;Kutna Hora;;;93:04:30;credit;;interest credited;28.3;13409.6
3474654;8330;48;Rychnov nad Kneznou;;;93:04:30;credit;;interest credited;12.3;22130.3
3474502;8321;77;Vsetin;;;93:04:30;credit;;interest credited;26.8;11388.8
3469996;4347;1;Hl.m. Praha;;;93:04:30;credit;;interest credited;8.8;12708.8
3470092;4350;63;Vyskov;;;93:04:30;credit;;interest credited;61.9;18626.9
3470162;4355;31;Tachov;;;93:04:30;credit;;interest credited;85.4;22801.3
3475621;8519;23;Cheb;;;93:04:30;credit;;interest credited;101.5;38643.6
3469153;4240;50;Svitavy;;;93:04:30;credit;;interest credited;190.3;47333.4
3469667;4296;63;Vyskov;;;93:04:30;credit;;interest credited;148.0;38847.2
3470807;4484;54;Brno - mesto;;;93:04:30;credit;;interest credited;268.1;46623.5
3527294;11065;11;Praha - zapad;;;93:04:30;credit;;interest credited;34.2;18989.2
3528745;11265;15;Cesky Krumlov;;;93:04:30;credit;;interest credited;112.2;28302.5
3526454;10973;18;Pisek;;;93:04:30;credit;;interest credited;13.6;9310.6
3526805;11013;1;Hl.m. Praha;;;93:04:30;credit;;interest credited;185.0;52050.0
3529066;11295;74;Ostrava - mesto;;;93:04:30;credit;;interest credited;48.2;38831.0
3530484;2;1;Hl.m. Praha;;;93:04:30;credit;;interest credited;109.5;34394.9
3524002;10738;45;Jicin;;;93:04:30;credit;;interest credited;5.4;7791.4
3626472;2902;32;Ceska Lipa;;;93:04:30;credit;;interest credited;151.0;40003.1
3628746;2970;60;Prostejov;;;93:04:30;credit;;interest credited;108.2;28692.9
3625750;2881;70;Karvina;;;93:04:30;credit;;interest credited;135.6;33471.3
3627128;2925;1;Hl.m. Praha;;;93:04:30;credit;;interest credited;132.1;34214.8
3625865;2884;1;Hl.m. Praha;;;93:04:30;credit;;interest credited;102.0;26319.2
3626256;2895;19;Prachatice;;;93:04:30;credit;;interest credited;121.0;37257.6
3627199;2926;50;Svitavy;;;93:04:30;credit;;interest credited;117.1;29914.4
