trans_id;account_id;district_id;district_name;account_to;bank_to;trans_date;type;operation;trans_characterization;amount;balance
1190945;4078;40;Teplice;;;93:03:01;credit;credit in cash;;2500.0;26536.0
542076;1843;12;Pribram;;;93:03:01;credit;credit in cash;;3900.0;22532.0
71666;239;69;Jesenik;;;93:03:01;credit;credit in cash;;300.0;300.0
797025;2714;1;Hl.m. Praha;;;93:03:01;credit;credit in cash;;10800.0;12900.0
695563;2378;16;Jindrichuv Hradec;;;93:03:02;withdrawal;withdrawal in cash;;21400.0;50037.8
968613;3302;21;Tabor;;;93:03:02;credit;credit in cash;;700.0;700.0
810834;2763;64;Zlin;;;93:03:02;credit;credit in cash;;33035.0;33235.0
207643;704;55;Brno - venkov;;;93:03:02;withdrawal;withdrawal in cash;;8900.0;30093.3
1117692;3818;74;Ostrava - mesto;;;93:03:02;withdrawal;withdrawal in cash;;4200.0;33271.2
695254;2378;16;Jindrichuv Hradec;;;93:03:03;credit;credit in cash;;7077.0;57114.8
502369;1713;43;Hradec Kralove;;;93:03:03;credit;credit in cash;;700.0;700.0
123329;415;25;Klatovy;;;93:03:03;credit;credit in cash;;400.0;400.0
315547;1077;14;Ceske Budejovice;;;93:03:03;credit;credit in cash;;1000.0;1000.0
1208386;4134;7;Melnik;;;93:03:03;credit;credit in cash;;500.0;500.0
1028504;3513;20;Strakonice;;;93:03:03;credit;credit in cash;;500.0;500.0
771485;2632;24;Karlovy Vary;;;93:03:03;withdrawal;withdrawal in cash;;6900.0;27997.3
615551;2099;3;Beroun;;;93:03:03;credit;credit in cash;;30557.0;83039.4
1730741;5868;44;Chrudim;;;93:03:04;credit;credit in cash;;10200.0;10400.0
453139;1539;1;Hl.m. Praha;;;93:03:04;withdrawal;withdrawal in cash;;13400.0;42987.6
145022;485;6;Kutna Hora;;;93:03:04;withdrawal;withdrawal in cash;;8100.0;76843.9
144543;485;6;Kutna Hora;;;93:03:04;credit;credit in cash;;18451.0;84943.9
754530;2574;68;Frydek - Mistek;;;93:03:04;credit;credit in cash;;2900.0;18358.0
726267;2484;74;Ostrava - mesto;;;93:03:04;withdrawal;withdrawal in cash;;8100.0;28218.3
497554;1695;76;Sumperk;;;93:03:04;credit;credit in cash;;5200.0;24820.9
529625;1805;1;Hl.m. Praha;;;93:03:04;credit;credit in cash;;9500.0;10600.0
882873;3007;16;Jindrichuv Hradec;;;93:03:04;credit;credit in cash;;900.0;24224.7
1450026;4937;12;Pribram;;;93:03:04;credit;credit in cash;;8813.0;53974.7
2797781;9265;1;Hl.m. Praha;;;93:03:04;credit;credit in cash;;37305.0;66012.9
404590;1378;59;Kromeriz;;;93:03:04;credit;credit in cash;;1100.0;1100.0
505751;1726;48;Rychnov nad Kneznou;;;93:03:04;withdrawal;withdrawal in cash;;3200.0;31882.2
251559;862;64;Zlin;;;93:03:04;withdrawal;withdrawal in cash;;10700.0;33972.2
712153;2434;17;Pelhrimov;;;93:03:04;credit;credit in cash;;10600.0;15603.6
732241;2503;1;Hl.m. Praha;;;93:03:05;credit;credit in cash;;600.0;600.0
332727;1132;1;Hl.m. Praha;;;93:03:05;withdrawal;withdrawal in cash;;11800.0;37444.1
145128;485;6;Kutna Hora;;;93:03:05;withdrawal;withdrawal in cash;;25300.0;51543.9
537878;1830;10;Praha - vychod;;;93:03:05;credit;credit in cash;;11538.0;12538.0
783293;2670;13;Rakovnik;;;93:03:05;credit;credit in cash;;24381.0;48472.8
637744;2177;62;Uherske Hradiste;62457513;YZ;93:03:05;credit;collection from another bank;old-age pension;5123.0;16215.2
400898;1366;60;Prostejov;;;93:03:05;credit;credit in cash;;7626.0;8526.0
1157042;3960;64;Zlin;33740347;OP;93:03:05;credit;collection from another bank;old-age pension;4807.0;5307.0
330662;1127;27;Plzen - jih;;;93:03:05;credit;credit in cash;;23330.0;49071.5
685666;2342;51;Trutnov;42284852;EF;93:03:05;credit;collection from another bank;;3247.0;3647.0
1313409;4484;54;Brno - mesto;;;93:03:05;withdrawal;withdrawal in cash;;8900.0;32352.9
2442346;8051;1;Hl.m. Praha;35675579;KL;93:03:05;credit;collection from another bank;;26040.0;26240.0
560901;1909;14;Ceske Budejovice;24230474;AB;93:03:05;credit;collection from another bank;;3191.0;7182.0
166981;559;46;Nachod;;;93:03:05;credit;credit in cash;;300.0;300.0
73512;244;24;Karlovy Vary;12078875;IJ;93:03:05;credit;collection from another bank;;3972.0;4772.0
110537;374;38;Louny;4004806;WX;93:03:05;credit;collection from another bank;;23041.0;45050.6
498392;1699;53;Blansko;94008880;CD;93:03:05;credit;collection from another bank;old-age pension;5224.0;11248.0
700136;2396;2;Benesov;27204734;OP;93:03:05;credit;collection from another bank;old-age pension;4203.0;4703.0
529775;1806;40;Teplice;39912659;UV;93:03:05;credit;collection from another bank;old-age pension;5029.0;10458.0
224345;764;1;Hl.m. Praha;30560720;UV;93:03:05;credit;collection from another bank;old-age pension;6238.0;13576.0
232963;793;47;Pardubice;6149286;IJ;93:03:05;credit;collection from another bank;;3401.0;11035.7
1910797;6473;12;Pribram;;;93:03:05;credit;credit in cash;;42227.0;78497.0
1935476;6555;38;Louny;;;93:03:05;credit;credit in cash;;300.0;300.0
851328;2902;32;Ceska Lipa;;;93:03:05;credit;credit in cash;;20213.0;44533.2
846310;2881;70;Karvina;;;93:03:05;credit;credit in cash;;2700.0;24402.7
3393741;11265;15;Cesky Krumlov;;;93:03:05;credit;credit in cash;;7618.0;26079.8
101389;346;37;Litomerice;;;93:03:05;credit;credit in cash;;19935.0;41932.0
710069;2429;61;Trebic;;;93:03:05;credit;credit in cash;;14609.0;15209.0
711473;2433;71;Novy Jicin;98568486;OP;93:03:05;credit;collection from another bank;old-age pension;4718.0;5218.0
655855;2242;7;Melnik;7862908;CD;93:03:06;credit;collection from another bank;;43493.0;43793.0
336634;1144;59;Kromeriz;1589578;GH;93:03:06;credit;collection from another bank;;3375.0;6950.0
333299;1134;6;Kutna Hora;;;93:03:06;credit;credit in cash;;11970.0;12370.0
144776;485;6;Kutna Hora;56978738;WX;93:03:06;withdrawal;remittance to another bank; ;1591.0;49952.9
139101;465;32;Ceska Lipa;;;93:03:06;credit;credit in cash;;6800.0;20329.1
137466;461;30;Sokolov;91520028;YZ;93:03:06;credit;collection from another bank;old-age pension;6388.0;6988.0
119438;401;32;Ceska Lipa;;;93:03:06;credit;credit in cash;;12817.0;31968.1
256849;882;9;Nymburk;;;93:03:06;credit;credit in cash;;300.0;300.0
218878;744;42;Havlickuv Brod;;;93:03:06;credit;credit in cash;;400.0;400.0
58947;197;1;Hl.m. Praha;;;93:03:06;credit;credit in cash;;21718.0;22518.0
57436;192;55;Brno - venkov;15384018;GH;93:03:06;credit;collection from another bank;old-age pension;5859.0;12018.0
621772;2122;68;Frydek - Mistek;;;93:03:06;credit;credit in cash;;7597.0;79940.0
883006;3008;72;Olomouc;33148783;QR;93:03:06;credit;collection from another bank;old-age pension;6934.0;7134.0
275309;943;1;Hl.m. Praha;70103525;OP;93:03:06;credit;collection from another bank;;3217.0;7247.7
1163523;3983;67;Bruntal;;;93:03:06;credit;credit in cash;;14626.0;30205.1
1163704;3983;67;Bruntal;;;93:03:06;withdrawal;withdrawal in cash;;200.0;30005.1
2798252;9265;1;Hl.m. Praha;;;93:03:06;withdrawal;withdrawal in cash;;19000.0;47012.9
285075;979;21;Tabor;;;93:03:06;credit;credit in cash;;17914.0;18914.0
286075;982;54;Brno - mesto;;;93:03:06;credit;credit in cash;;4550.0;10018.6
1132665;3871;26;Plzen - mesto;31564527;GH;93:03:06;credit;collection from another bank;old-age pension;4356.0;9012.0
840174;2861;38;Louny;10531437;ST;93:03:06;credit;collection from another bank;old-age pension;5915.0;6215.0
1578991;5369;54;Brno - mesto;;;93:03:06;credit;credit in cash;;5643.0;6543.0
506453;1730;1;Hl.m. Praha;43294817;ST;93:03:06;credit;collection from another bank;old-age pension;6689.0;14278.0
192367;652;21;Tabor;;;93:03:06;withdrawal;withdrawal in cash;;4800.0;26657.6
105736;361;51;Trutnov;;;93:03:06;credit;credit in cash;;23638.0;24238.0
655275;2241;6;Kutna Hora;;;93:03:07;credit;credit in cash;;11584.0;11784.0
695341;2378;16;Jindrichuv Hradec;1222903;EF;93:03:07;withdrawal;remittance to another bank; household;9612.0;47502.8
26045;86;54;Brno - mesto;;;93:03:07;credit;credit in cash;;800.0;800.0
42523;142;51;Trutnov;39513594;QR;93:03:07;credit;collection from another bank;old-age pension;4555.0;5455.0
1108944;3787;70;Karvina;;;93:03:07;credit;credit in cash;;20950.0;21750.0
1176388;4034;1;Hl.m. Praha;;;93:03:07;credit;credit in cash;;5080.0;18383.7
649668;2220;16;Jindrichuv Hradec;42469984;MN;93:03:07;credit;collection from another bank;old-age pension;6153.0;7253.0
144848;485;6;Kutna Hora;20747721;AB;93:03:07;withdrawal;remittance to another bank;insurrance;3572.0;46380.9
129505;435;38;Louny;22131634;MN;93:03:07;credit;collection from another bank;old-age pension;5039.0;10478.0
138715;465;32;Ceska Lipa;71654224;UV;93:03:07;credit;collection from another bank;;12785.0;33114.1
347546;1179;74;Ostrava - mesto;72322171;WX;93:03:07;credit;collection from another bank;old-age pension;4212.0;9124.0
148420;496;69;Jesenik;;;93:03:07;credit;credit in cash;;5404.0;6204.0
122540;411;70;Karvina;;;93:03:07;credit;credit in cash;;2900.0;21839.2
541684;1843;12;Pribram;76294219;QR;93:03:07;credit;collection from another bank;;17632.0;40164.0
542218;1844;44;Chrudim;42988401;ST;93:03:07;credit;collection from another bank;;3242.0;10254.2
682549;2330;54;Brno - mesto;18759459;ST;93:03:07;credit;collection from another bank;;3395.0;6990.0
260044;890;14;Ceske Budejovice;;;93:03:07;credit;credit in cash;;10700.0;18464.0
1068643;3651;23;Cheb;38447165;WX;93:03:07;credit;collection from another bank;old-age pension;5081.0;5881.0
566014;1926;37;Litomerice;;;93:03:07;credit;credit in cash;;3900.0;22182.6
1028983;3514;7;Melnik;67514222;GH;93:03:07;credit;collection from another bank;;3399.0;7411.1
579376;1972;77;Vsetin;14132887;UV;93:03:07;credit;collection from another bank;old-age pension;5298.0;16336.9
469894;1601;10;Praha - vychod;45886778;CD;93:03:07;credit;collection from another bank;old-age pension;4042.0;4542.0
3122927;10364;55;Brno - venkov;;;93:03:07;credit;credit in cash;;14493.0;34324.3
286583;982;54;Brno - mesto;;;93:03:07;credit;credit in cash;;8200.0;18218.7
292056;1000;77;Vsetin;87163465;ST;93:03:07;credit;collection from another bank;;31348.0;61418.3
737261;2519;4;Kladno;5454445;GH;93:03:07;credit;collection from another bank;old-age pension;5544.0;11588.0
2775582;9188;45;Jicin;78292494;GH;93:03:07;credit;collection from another bank;;12710.0;13510.0
893648;3047;16;Jindrichuv Hradec;47210419;KL;93:03:07;credit;collection from another bank;;3474.0;4074.0
462814;1575;1;Hl.m. Praha;85748850;IJ;93:03:07;credit;collection from another bank;old-age pension;5448.0;6348.0
185061;627;63;Vyskov;;;93:03:07;credit;credit in cash;;700.0;23710.5
519754;1775;17;Pelhrimov;16577571;WX;93:03:07;credit;collection from another bank;old-age pension;6932.0;7832.0
454772;1545;1;Hl.m. Praha;;;93:03:08;credit;credit in cash;;200.0;200.0
242369;830;74;Ostrava - mesto;;;93:03:08;credit;credit in cash;;16623.0;16823.0
144704;485;6;Kutna Hora;89687889;EF;93:03:08;withdrawal;remittance to another bank; household;7421.0;38959.9
781998;2666;49;Semily;;;93:03:08;credit;credit in cash;;600.0;600.0
1238920;4240;50;Svitavy;17497700;EF;93:03:08;credit;collection from another bank;;27666.0;55920.0
1149991;3935;23;Cheb;;;93:03:08;credit;credit in cash;;1000.0;1000.0
117636;396;21;Tabor;;;93:03:08;credit;credit in cash;;1000.0;1000.0
123332;415;25;Klatovy;;;93:03:08;credit;credit in cash;;13110.0;13510.0
434655;1477;1;Hl.m. Praha;92373114;KL;93:03:08;credit;collection from another bank;;3151.0;7011.8
789769;2694;7;Melnik;;;93:03:08;credit;credit in cash;;700.0;700.0
294483;1006;6;Kutna Hora;6088287;WX;93:03:08;credit;collection from another bank;;3737.0;4737.0
330234;1126;56;Breclav;;;93:03:08;credit;credit in cash;;1100.0;1100.0
1028005;3510;41;Usti nad Labem;;;93:03:08;withdrawal;withdrawal in cash;;300.0;22070.3
374592;1276;36;Liberec;;;93:03:08;credit;credit in cash;;6774.0;31429.4
375033;1276;36;Liberec;;;93:03:08;withdrawal;withdrawal in cash;;2200.0;29229.4
1091934;3734;43;Hradec Kralove;;;93:03:08;credit;credit in cash;;1000.0;1000.0
699589;2393;10;Praha - vychod;;;93:03:08;withdrawal;withdrawal in cash;;2500.0;25486.9
882364;3007;16;Jindrichuv Hradec;;;93:03:08;credit;credit in cash;;22452.0;46676.7
275678;944;70;Karvina;;;93:03:08;credit;credit in cash;;16927.0;16927.0
275675;944;70;Karvina;;;93:03:08;credit;credit in cash;;500.0;17427.0
716041;2453;1;Hl.m. Praha;;;93:03:08;credit;credit in cash;;400.0;400.0
251236;862;64;Zlin;2834439;YZ;93:03:08;credit;collection from another bank;;44333.0;78305.2
3402667;11295;74;Ostrava - mesto;;;93:03:08;credit;credit in cash;;18347.0;41552.6
929611;3168;39;Most;54928976;AB;93:03:08;credit;collection from another bank;old-age pension;6303.0;7303.0
710437;2429;61;Trebic;;;93:03:08;credit;credit in cash;;5100.0;20309.0
269815;925;59;Kromeriz;;;93:03:09;credit;credit in cash;;18500.0;19000.0
298981;1019;52;Usti nad Orlici;;;93:03:09;credit;credit in cash;;19746.0;44725.4
1344903;4596;74;Ostrava - mesto;;;93:03:09;credit;credit in cash;;700.0;700.0
293962;1005;54;Brno - mesto;48252707;QR;93:03:09;credit;collection from another bank;;34483.0;34783.0
332447;1132;1;Hl.m. Praha;32223415;ST;93:03:09;credit;collection from another bank;;48098.0;85542.1
259750;890;14;Ceske Budejovice;;;93:03:09;credit;credit in cash;;7041.0;25505.0
727884;2489;72;Olomouc;;;93:03:09;credit;credit in cash;;900.0;900.0
2442701;8051;1;Hl.m. Praha;;;93:03:09;withdrawal;withdrawal in cash;;700.0;25540.0
858387;2926;50;Svitavy;;;93:03:09;credit;credit in cash;;10584.0;30816.0
1208389;4134;7;Melnik;;;93:03:09;credit;credit in cash;;9556.0;10056.0
810833;2763;64;Zlin;;;93:03:09;credit;credit in cash;;31986.0;65221.0
1091937;3734;43;Hradec Kralove;;;93:03:09;credit;credit in cash;;4939.0;5939.0
63715;212;27;Plzen - jih;58325630;IJ;93:03:09;credit;collection from another bank;;49590.0;84632.1
581702;1979;26;Plzen - mesto;38265723;UV;93:03:09;credit;collection from another bank;;3021.0;6942.0
494944;1688;70;Karvina;99495708;QR;93:03:09;credit;collection from another bank;old-age pension;5439.0;6239.0
771038;2632;24;Karlovy Vary;;;93:03:09;credit;credit in cash;;14264.0;42261.3
612714;2087;7;Melnik;;;93:03:09;withdrawal;withdrawal in cash;;6500.0;27629.3
1084399;3704;75;Prerov;11927444;AB;93:03:09;credit;collection from another bank;old-age pension;6242.0;12984.0
1080840;3691;50;Svitavy;86339687;WX;93:03:09;credit;collection from another bank;old-age pension;6540.0;6940.0
622122;2122;68;Frydek - Mistek;;;93:03:09;withdrawal;withdrawal in cash;;28500.0;51440.0
849720;2895;19;Prachatice;;;93:03:09;credit;credit in cash;;300.0;300.0
192099;652;21;Tabor;;;93:03:09;credit;credit in cash;;13851.0;40508.6
1021464;3487;41;Usti nad Labem;;;93:03:09;withdrawal;withdrawal in cash;;3800.0;30782.6
1117250;3818;74;Ostrava - mesto;;;93:03:09;credit;credit in cash;;17366.0;50637.2
655711;2241;6;Kutna Hora;;;93:03:10;credit;credit in cash;;8700.0;20484.0
695723;2379;44;Chrudim;;;93:03:10;credit;credit in cash;;5072.0;24899.9
2350078;7753;74;Ostrava - mesto;;;93:03:10;withdrawal;withdrawal in cash;;12000.0;35385.6
242557;830;74;Ostrava - mesto;;;93:03:10;credit;credit in cash;;2100.0;18923.0
135817;456;49;Semily;95670407;AB;93:03:10;credit;collection from another bank;;47831.0;85912.9
775971;2647;73;Opava;;;93:03:10;credit;credit in cash;;12015.0;24465.1
776274;2647;73;Opava;;;93:03:10;credit;credit in cash;;1600.0;26065.1
538175;1830;10;Praha - vychod;;;93:03:10;credit;credit in cash;;7700.0;20238.0
571259;1944;72;Olomouc;;;93:03:10;credit;credit in cash;;17980.0;18680.0
1239177;4240;50;Svitavy;;;93:03:10;withdrawal;withdrawal in cash;;14300.0;41620.0
968616;3302;21;Tabor;24482953;CD;93:03:10;credit;collection from another bank;;3008.0;3708.0
577122;1965;57;Hodonin;;;93:03:10;credit;credit in cash;;12200.0;12800.0
1657645;5622;70;Karvina;;;93:03:10;withdrawal;withdrawal in cash;;14900.0;43323.2
749326;2555;53;Blansko;;;93:03:10;credit;credit in cash;;1100.0;20122.0
749329;2555;53;Blansko;;;93:03:10;credit;credit in cash;;19022.0;19022.0
789772;2694;7;Melnik;;;93:03:10;credit;credit in cash;;17585.0;18285.0
294997;1006;6;Kutna Hora;;;93:03:10;credit;credit in cash;;11300.0;16037.0
256852;882;9;Nymburk;;;93:03:10;credit;credit in cash;;11587.0;11887.0
708084;2425;41;Usti nad Labem;;;93:03:10;credit;credit in cash;;8905.0;26728.5
594017;2023;68;Frydek - Mistek;;;93:03:10;credit;credit in cash;;23524.0;49963.7
73950;244;24;Karlovy Vary;;;93:03:10;credit;credit in cash;;10100.0;14872.0
110786;374;38;Louny;;;93:03:10;withdrawal;withdrawal in cash;;11900.0;33150.6
1049884;3592;54;Brno - mesto;73166322;MN;93:03:10;credit;collection from another bank;old-age pension;6007.0;18668.0
2776158;9188;45;Jicin;;;93:03:10;credit;credit in cash;;3700.0;17210.0
847084;2884;1;Hl.m. Praha;;;93:03:10;credit;credit in cash;;8300.0;15228.5
92883;317;76;Sumperk;;;93:03:10;credit;credit in cash;;800.0;800.0
92886;317;76;Sumperk;16824597;CD;93:03:10;credit;collection from another bank;old-age pension;5922.0;6722.0
696165;2379;44;Chrudim;;;93:03:11;withdrawal;withdrawal in cash;;2600.0;22299.9
26048;86;54;Brno - mesto;93896942;ST;93:03:11;credit;collection from another bank;;3243.0;4043.0
29110;96;68;Frydek - Mistek;68241083;GH;93:03:11;credit;collection from another bank;;44221.0;45321.0
333669;1134;6;Kutna Hora;;;93:03:11;credit;credit in cash;;8200.0;20570.0
649066;2219;60;Prostejov;;;93:03:11;credit;credit in cash;;400.0;400.0
237652;813;16;Jindrichuv Hradec;19537103;QR;93:03:11;credit;collection from another bank;;12154.0;25443.5
1190755;4078;40;Teplice;;;93:03:11;credit;credit in cash;;23736.0;50272.0
147446;494;60;Prostejov;;;93:03:11;credit;credit in cash;;400.0;400.0
511267;1750;1;Hl.m. Praha;;;93:03:11;credit;credit in cash;;24863.0;48340.0
858266;2925;1;Hl.m. Praha;;;93:03:11;withdrawal;withdrawal in cash;;1900.0;21182.4
171815;576;55;Brno - venkov;30300313;YZ;93:03:11;credit;collection from another bank;old-age pension;6207.0;19570.7
887177;3026;24;Karlovy Vary;;;93:03:11;credit;credit in cash;;20740.0;21140.0
756207;2581;72;Olomouc;;;93:03:11;credit;credit in cash;;500.0;500.0
506839;1731;33;Decin;89825009;GH;93:03:11;credit;collection from another bank;old-age pension;4758.0;9716.0
846796;2884;1;Hl.m. Praha;;;93:03:11;credit;credit in cash;;5810.0;21038.5
204966;697;28;Plzen - sever;;;93:03:11;credit;credit in cash;;22067.0;22267.0
253163;866;9;Nymburk;;;93:03:11;withdrawal;withdrawal in cash;;8400.0;35572.3
252647;866;9;Nymburk;;;93:03:11;credit;credit in cash;;12644.0;43972.3
184684;627;63;Vyskov;;;93:03:11;credit;credit in cash;;22349.0;46059.5
491816;1678;1;Hl.m. Praha;;;93:03:11;credit;credit in cash;;23116.0;23316.0
1736610;5891;54;Brno - mesto;51054984;CD;93:03:12;credit;collection from another bank;;32594.0;61609.6
34884;112;6;Kutna Hora;;;93:03:12;credit;credit in cash;;200.0;200.0
451893;1536;41;Usti nad Labem;51120805;QR;93:03:12;credit;collection from another bank;;25609.0;51649.0
237946;813;16;Jindrichuv Hradec;;;93:03:12;credit;credit in cash;;700.0;26143.5
1074957;3674;38;Louny;;;93:03:12;credit;credit in cash;;1000.0;1000.0
1183179;4055;23;Cheb;;;93:03:12;credit;credit in cash;;20281.0;43883.1
671440;2293;31;Tachov;62203752;EF;93:03:12;credit;collection from another bank;old-age pension;6745.0;7445.0
537464;1829;43;Hradec Kralove;;;93:03:12;credit;credit in cash;;7429.0;8329.0
394000;1338;74;Ostrava - mesto;;;93:03:12;withdrawal;withdrawal in cash;;2400.0;30975.5
782001;2666;49;Semily;69472062;IJ;93:03:12;credit;collection from another bank;;2901.0;3501.0
127570;428;1;Hl.m. Praha;71194147;CD;93:03:12;credit;collection from another bank;old-age pension;6614.0;6814.0
117087;395;1;Hl.m. Praha;;;93:03:12;credit;credit in cash;;400.0;400.0
359514;1222;66;Zdar nad Sazavou;77489798;KL;93:03:12;credit;collection from another bank;old-age pension;6310.0;13320.0
754235;2574;68;Frydek - Mistek;;;93:03:12;credit;credit in cash;;14319.0;32677.0
689830;2357;19;Prachatice;34144538;OP;93:03:12;credit;collection from another bank;old-age pension;6434.0;20151.6
725754;2484;74;Ostrava - mesto;;;93:03:12;credit;credit in cash;;14779.0;42997.3
707248;2423;30;Sokolov;2074182;UV;93:03:12;credit;collection from another bank;old-age pension;5671.0;6071.0
565657;1926;37;Litomerice;;;93:03:12;credit;credit in cash;;4507.0;26689.6
599192;2039;44;Chrudim;;;93:03:12;credit;credit in cash;;300.0;300.0
857976;2925;1;Hl.m. Praha;;;93:03:12;credit;credit in cash;;6446.0;27628.4
989749;3374;21;Tabor;;;93:03:12;credit;credit in cash;;24784.0;24984.0
207267;704;55;Brno - venkov;;;93:03:12;credit;credit in cash;;17477.0;47570.3
2242713;7401;1;Hl.m. Praha;66487163;ST;93:03:12;credit;collection from another bank;;20236.0;21336.0
279;2;1;Hl.m. Praha;66487163;ST;93:03:12;credit;collection from another bank;;20236.0;21336.0
477641;1628;60;Prostejov;15916598;UV;93:03:12;credit;collection from another bank;old-age pension;4276.0;13562.1
309327;1054;10;Praha - vychod;;;93:03:12;credit;credit in cash;;9650.0;10450.0
307764;1050;57;Hodonin;2865469;WX;93:03:12;credit;collection from another bank;;25317.0;26317.0
1050257;3593;1;Hl.m. Praha;;;93:03:12;credit;credit in cash;;15787.0;15987.0
796073;2712;9;Nymburk;;;93:03:12;credit;credit in cash;;400.0;400.0
758170;2585;75;Prerov;;;93:03:12;credit;credit in cash;;4200.0;20201.0
1121966;3834;54;Brno - mesto;;;93:03:12;credit;credit in cash;;13875.0;35084.7
101685;346;37;Litomerice;;;93:03:12;withdrawal;withdrawal in cash;;7900.0;34032.0
83661;280;25;Klatovy;;;93:03:12;credit;credit in cash;;12043.0;30605.3
711851;2434;17;Pelhrimov;;;93:03:12;credit;credit in cash;;4391.0;19994.6
490780;1675;36;Liberec;50350195;AB;93:03:12;credit;collection from another bank;old-age pension;4327.0;9767.7
48643;163;30;Sokolov;76209622;YZ;93:03:13;credit;collection from another bank;old-age pension;6698.0;14296.0
34887;112;6;Kutna Hora;24612278;EF;93:03:13;credit;collection from another bank;old-age pension;6582.0;6782.0
37883;123;21;Tabor;;;93:03:13;credit;credit in cash;;200.0;200.0
142153;477;1;Hl.m. Praha;;;93:03:13;credit;credit in cash;;16392.0;34697.6
785193;2676;73;Opava;;;93:03:13;credit;credit in cash;;15263.0;34048.3
3314627;11013;1;Hl.m. Praha;45816707;YZ;93:03:13;credit;collection from another bank;;42244.0;42844.0
2910390;9640;1;Hl.m. Praha;13876933;UV;93:03:13;credit;collection from another bank;;19106.0;19106.0
2910387;9640;1;Hl.m. Praha;;;93:03:13;credit;credit in cash;;1100.0;20206.0
1256507;4296;63;Vyskov;;;93:03:13;credit;credit in cash;;18729.0;42865.2
439038;1493;41;Usti nad Labem;54522466;AB;93:03:13;credit;collection from another bank;old-age pension;5009.0;15262.0
435765;1481;15;Cesky Krumlov;21098941;AB;93:03:13;credit;collection from another bank;;3098.0;7196.0
811286;2763;64;Zlin;;;93:03:13;withdrawal;withdrawal in cash;;18300.0;46921.0
218881;744;42;Havlickuv Brod;94336568;GH;93:03:13;credit;collection from another bank;old-age pension;5740.0;6140.0
914521;3117;33;Decin;1493776;CD;93:03:13;credit;collection from another bank;old-age pension;5355.0;6255.0
873125;2974;9;Nymburk;;;93:03:13;credit;credit in cash;;1100.0;1100.0
618170;2110;64;Zlin;47164356;WX;93:03:13;credit;collection from another bank;;3076.0;3676.0
615784;2099;3;Beroun;;;93:03:13;withdrawal;withdrawal in cash;;27200.0;55839.4
660837;2256;48;Rychnov nad Kneznou;59773492;AB;93:03:13;credit;collection from another bank;old-age pension;4729.0;10170.9
1036266;3545;51;Trutnov;;;93:03:13;credit;credit in cash;;20203.0;21103.0
480217;1637;1;Hl.m. Praha;45134812;UV;93:03:13;credit;collection from another bank;old-age pension;5718.0;17695.8
1142761;3909;1;Hl.m. Praha;;;93:03:13;credit;credit in cash;;24400.0;49058.6
404593;1378;59;Kromeriz;;;93:03:13;credit;credit in cash;;24419.0;25519.0
716044;2453;1;Hl.m. Praha;70054560;OP;93:03:13;credit;collection from another bank;;3285.0;3685.0
796788;2714;1;Hl.m. Praha;;;93:03:13;credit;credit in cash;;1300.0;14200.0
871634;2970;60;Prostejov;;;93:03:13;credit;credit in cash;;9658.0;29139.2
757956;2585;75;Prerov;;;93:03:13;credit;credit in cash;;14963.0;35164.0
756210;2581;72;Olomouc;;;93:03:13;credit;credit in cash;;19653.0;20153.0
622630;2124;69;Jesenik;;;93:03:13;credit;credit in cash;;21431.0;21931.0
505243;1726;48;Rychnov nad Kneznou;;;93:03:13;credit;credit in cash;;13967.0;45849.2
846009;2881;70;Karvina;;;93:03:13;credit;credit in cash;;6959.0;31361.7
1021123;3487;41;Usti nad Labem;;;93:03:13;credit;credit in cash;;15914.0;46696.6
94647;322;1;Hl.m. Praha;;;93:03:13;credit;credit in cash;;16646.0;17646.0
733694;2508;34;Chomutov;;;93:03:14;credit;credit in cash;;700.0;700.0
174562;588;66;Zdar nad Sazavou;;;93:03:14;credit;credit in cash;;1000.0;1000.0
131925;443;64;Zlin;29172384;ST;93:03:14;credit;collection from another bank;;3058.0;6616.0
571552;1944;72;Olomouc;;;93:03:14;credit;credit in cash;;3000.0;21680.0
122245;411;70;Karvina;;;93:03:14;credit;credit in cash;;18497.0;40336.2
577581;1966;27;Plzen - jih;;;93:03:14;withdrawal;withdrawal in cash;;7500.0;34581.9
577277;1966;27;Plzen - jih;;;93:03:14;credit;credit in cash;;20567.0;42081.9
745025;2543;68;Frydek - Mistek;4203528;CD;93:03:14;credit;collection from another bank;old-age pension;6148.0;13412.2
2908691;9635;70;Karvina;37906074;CD;93:03:14;credit;collection from another bank;old-age pension;4470.0;13853.2
1101122;3760;44;Chrudim;;;93:03:14;withdrawal;withdrawal in cash;;5200.0;30969.7
727887;2489;72;Olomouc;23886204;YZ;93:03:14;credit;collection from another bank;old-age pension;5781.0;6681.0
1313159;4484;54;Brno - mesto;;;93:03:14;credit;credit in cash;;18654.0;51006.9
1028507;3513;20;Strakonice;;;93:03:14;credit;credit in cash;;19078.0;19578.0
167904;562;50;Svitavy;;;93:03:14;credit;credit in cash;;1900.0;2200.0
166984;559;46;Nachod;74414402;OP;93:03:14;credit;collection from another bank;old-age pension;5672.0;5972.0
2135180;7231;10;Praha - vychod;;;93:03:14;credit;credit in cash;;500.0;500.0
911507;3108;53;Blansko;;;93:03:14;credit;credit in cash;;600.0;600.0
699223;2393;10;Praha - vychod;;;93:03:14;credit;credit in cash;;10737.0;36223.9
1081330;3693;61;Trebic;;;93:03:14;credit;credit in cash;;15447.0;35096.9
226657;772;45;Jicin;;;93:03:14;credit;credit in cash;;24009.0;47950.0
717562;2458;40;Teplice;;;93:03:14;credit;credit in cash;;1100.0;1100.0
1548752;5270;44;Chrudim;80269753;IJ;93:03:14;credit;collection from another bank;;44749.0;125825.7
1549099;5270;44;Chrudim;;;93:03:14;withdrawal;withdrawal in cash;;51700.0;74125.7
1549100;5270;44;Chrudim;;;93:03:14;withdrawal;withdrawal in cash;;25300.0;48825.7
849723;2895;19;Prachatice;;;93:03:14;credit;credit in cash;;18146.0;18446.0
608138;2070;72;Olomouc;;;93:03:14;credit;credit in cash;;12138.0;32279.0
144557;485;6;Kutna Hora;;;93:03:15;credit;credit in cash;;5697.0;44656.9
1977570;6701;49;Semily;;;93:03:15;credit;credit in cash;;200.0;200.0
1136395;3883;72;Olomouc;;;93:03:15;credit;credit in cash;;500.0;500.0
1273277;4355;31;Tachov;;;93:03:15;credit;credit in cash;;1400.0;2200.0
1100766;3760;44;Chrudim;;;93:03:15;credit;credit in cash;;10539.0;41508.7
858902;2926;50;Svitavy;;;93:03:15;withdrawal;withdrawal in cash;;4900.0;25916.0
66582;222;37;Litomerice;;;93:03:15;credit;credit in cash;;500.0;500.0
528025;1801;46;Nachod;;;93:03:15;credit;credit in cash;;3700.0;23374.9
1143205;3909;1;Hl.m. Praha;;;93:03:15;withdrawal;withdrawal in cash;;13900.0;35158.6
3394149;11265;15;Cesky Krumlov;;;93:03:15;withdrawal;withdrawal in cash;;800.0;25279.8
730401;2497;65;Znojmo;;;93:03:16;credit;credit in cash;;300.0;300.0
2349715;7753;74;Ostrava - mesto;;;93:03:16;credit;credit in cash;;36130.0;71515.6
39492;128;2;Benesov;;;93:03:16;credit;credit in cash;;1800.0;2100.0
502384;1713;43;Hradec Kralove;;;93:03:16;credit;credit in cash;;700.0;1400.0
3315106;11013;1;Hl.m. Praha;;;93:03:16;withdrawal;withdrawal in cash;;7000.0;35844.0
1122690;3835;50;Svitavy;;;93:03:16;credit;credit in cash;;900.0;900.0
1039120;3554;66;Zdar nad Sazavou;;;93:03:16;credit;credit in cash;;500.0;48482.9
2191;9;70;Karvina;;;93:03:16;credit;credit in cash;;800.0;12905.4
527446;1801;46;Nachod;;;93:03:16;credit;credit in cash;;8368.0;31742.9
402734;1372;1;Hl.m. Praha;;;93:03:16;credit;credit in cash;;300.0;300.0
315562;1077;14;Ceske Budejovice;;;93:03:17;credit;credit in cash;;1500.0;2500.0
2809960;9307;68;Frydek - Mistek;;;93:03:17;credit;credit in cash;;16549.0;29857.6
2349722;7753;74;Ostrava - mesto;;;93:03:18;credit;credit in cash;;7824.0;79339.6
39564;128;2;Benesov;;;93:03:18;credit;credit in cash;;600.0;2700.0
1003507;3424;74;Ostrava - mesto;;;93:03:18;withdrawal;withdrawal in cash;;10400.0;34735.8
3123298;10364;55;Brno - venkov;;;93:03:18;withdrawal;withdrawal in cash;;4800.0;29524.3
1136482;3883;72;Olomouc;;;93:03:18;credit;credit in cash;;700.0;1200.0
1273349;4355;31;Tachov;;;93:03:18;credit;credit in cash;;1500.0;3700.0
1208387;4134;7;Melnik;;;93:03:18;credit;credit in cash;;40872.0;50928.0
167976;562;50;Svitavy;;;93:03:18;credit;credit in cash;;1900.0;4100.0
160856;539;13;Rakovnik;;;93:03:18;credit;credit in cash;;13500.0;14200.0
2256133;7445;64;Zlin;;;93:03:18;credit;credit in cash;;200.0;200.0
621780;2122;68;Frydek - Mistek;;;93:03:18;credit;credit in cash;;22685.0;74125.0
1039192;3554;66;Zdar nad Sazavou;;;93:03:18;credit;credit in cash;;900.0;49382.9
1039421;3554;66;Zdar nad Sazavou;;;93:03:18;withdrawal;withdrawal in cash;;14900.0;34482.9
285366;979;21;Tabor;;;93:03:18;credit;credit in cash;;1200.0;20114.0
1779017;6034;6;Kutna Hora;;;93:03:19;credit;credit in cash;;200.0;200.0
35597;115;68;Frydek - Mistek;;;93:03:19;credit;credit in cash;;800.0;800.0
1176617;4034;1;Hl.m. Praha;;;93:03:19;credit;credit in cash;;3500.0;21883.7
349915;1189;59;Kromeriz;;;93:03:19;credit;credit in cash;;600.0;600.0
3331510;11065;11;Praha - zapad;;;93:03:19;credit;credit in cash;;1100.0;1100.0
126007;425;9;Nymburk;;;93:03:19;credit;credit in cash;;400.0;400.0
119792;401;32;Ceska Lipa;;;93:03:19;withdrawal;withdrawal in cash;;5800.0;26168.1
990107;3374;21;Tabor;;;93:03:19;credit;credit in cash;;1600.0;26584.0
1036526;3545;51;Trutnov;;;93:03:19;credit;credit in cash;;1400.0;22503.0
250302;860;1;Hl.m. Praha;;;93:03:19;credit;credit in cash;;600.0;600.0
739835;2527;38;Louny;;;93:03:19;credit;credit in cash;;1000.0;1000.0
2984138;9883;1;Hl.m. Praha;;;93:03:19;credit;credit in cash;;500.0;500.0
29727;96;68;Frydek - Mistek;;;93:03:20;withdrawal;withdrawal in cash;;11500.0;33821.0
451455;1535;46;Nachod;;;93:03:20;credit;credit in cash;;200.0;200.0
1075585;3675;64;Zlin;;;93:03:20;credit;credit in cash;;700.0;700.0
260351;892;70;Karvina;;;93:03:20;credit;credit in cash;;900.0;900.0
810128;2762;19;Prachatice;;;93:03:20;credit;credit in cash;;500.0;500.0
900589;3069;66;Zdar nad Sazavou;;;93:03:20;credit;credit in cash;;400.0;400.0
887466;3026;24;Karlovy Vary;;;93:03:20;credit;credit in cash;;3300.0;24440.0
527466;1801;46;Nachod;;;93:03:20;credit;credit in cash;;36574.0;68316.9
1050618;3593;1;Hl.m. Praha;;;93:03:20;credit;credit in cash;;3900.0;19887.0
1122556;3834;54;Brno - mesto;;;93:03:20;withdrawal;withdrawal in cash;;6700.0;28384.7
39755;128;2;Benesov;;;93:03:21;credit;credit in cash;;9100.0;11800.0
1109309;3787;70;Karvina;;;93:03:21;credit;credit in cash;;1800.0;23550.0
777538;2651;2;Benesov;;;93:03:21;credit;credit in cash;;200.0;200.0
64022;212;27;Plzen - jih;;;93:03:21;withdrawal;withdrawal in cash;;29700.0;54932.1
766561;2618;60;Prostejov;;;93:03:21;credit;credit in cash;;600.0;600.0
309620;1054;10;Praha - vychod;;;93:03:21;credit;credit in cash;;6800.0;17250.0
1935491;6555;38;Louny;;;93:03:21;credit;credit in cash;;12801.0;13101.0
299431;1019;52;Usti nad Orlici;;;93:03:22;withdrawal;withdrawal in cash;;9600.0;35125.4
137125;459;47;Pardubice;;;93:03:22;credit;credit in cash;;3100.0;17500.0
136149;456;49;Semily;;;93:03:22;withdrawal;withdrawal in cash;;29400.0;56512.9
1602507;5442;34;Chomutov;;;93:03:22;credit;credit in cash;;300.0;300.0
523621;1787;30;Sokolov;;;93:03:22;credit;credit in cash;;1100.0;1100.0
227106;772;45;Jicin;;;93:03:22;withdrawal;withdrawal in cash;;12600.0;35350.0
1450518;4937;12;Pribram;;;93:03:22;withdrawal;withdrawal in cash;;16400.0;37574.7
622996;2124;69;Jesenik;;;93:03:22;credit;credit in cash;;2100.0;24031.0
410110;1397;17;Pelhrimov;;;93:03:22;credit;credit in cash;;700.0;700.0
3403039;11295;74;Ostrava - mesto;;;93:03:22;withdrawal;withdrawal in cash;;10700.0;30852.6
94940;322;1;Hl.m. Praha;;;93:03:22;credit;credit in cash;;3600.0;21246.0
452239;1536;41;Usti nad Labem;;;93:03:23;withdrawal;withdrawal in cash;;11900.0;39749.0
785633;2676;73;Opava;;;93:03:23;withdrawal;withdrawal in cash;;4500.0;29548.3
1273578;4355;31;Tachov;;;93:03:23;credit;credit in cash;;12500.0;16200.0
2135189;7231;10;Praha - vychod;;;93:03:23;credit;credit in cash;;46824.0;62273.0
2135185;7231;10;Praha - vychod;;;93:03:23;credit;credit in cash;;14949.0;15449.0
871810;2970;60;Prostejov;;;93:03:23;withdrawal;withdrawal in cash;;4300.0;24839.2
1935478;6555;38;Louny;;;93:03:23;credit;credit in cash;;39703.0;52804.0
1108017;3785;10;Praha - vychod;;;93:03:24;credit;credit in cash;;200.0;200.0
1076496;3678;1;Hl.m. Praha;;;93:03:24;credit;credit in cash;;800.0;800.0
183005;623;1;Hl.m. Praha;;;93:03:24;credit;credit in cash;;200.0;200.0
1657162;5622;70;Karvina;;;93:03:24;credit;credit in cash;;43050.0;86373.2
2501876;8260;31;Tachov;;;93:03:24;credit;credit in cash;;200.0;200.0
880801;3001;1;Hl.m. Praha;;;93:03:24;credit;credit in cash;;400.0;400.0
1450016;4937;12;Pribram;;;93:03:24;credit;credit in cash;;18790.0;56364.7
192918;655;53;Blansko;;;93:03:24;credit;credit in cash;;1000.0;1000.0
84102;280;25;Klatovy;;;93:03:24;withdrawal;withdrawal in cash;;5100.0;25505.3
708373;2425;41;Usti nad Labem;;;93:03:24;withdrawal;withdrawal in cash;;800.0;25928.5
492187;1678;1;Hl.m. Praha;;;93:03:24;withdrawal;withdrawal in cash;;200.0;23116.0
270133;925;59;Kromeriz;;;93:03:25;credit;credit in cash;;4200.0;23200.0
1195278;4093;1;Hl.m. Praha;;;93:03:25;credit;credit in cash;;400.0;400.0
1183400;4055;23;Cheb;;;93:03:25;withdrawal;withdrawal in cash;;7700.0;36183.1
391494;1332;59;Kromeriz;;;93:03:25;credit;credit in cash;;300.0;300.0
740439;2528;65;Znojmo;;;93:03:25;credit;credit in cash;;1000.0;1000.0
294327;1005;54;Brno - mesto;;;93:03:25;withdrawal;withdrawal in cash;;5400.0;29383.0
1100772;3760;44;Chrudim;;;93:03:25;credit;credit in cash;;24226.0;65734.7
726530;2486;1;Hl.m. Praha;;;93:03:25;credit;credit in cash;;38820.0;39020.0
810150;2762;19;Prachatice;;;93:03:25;credit;credit in cash;;30360.0;30860.0
1602508;5442;34;Chomutov;;;93:03:25;credit;credit in cash;;7651.0;7951.0
2810463;9307;68;Frydek - Mistek;;;93:03:25;withdrawal;withdrawal in cash;;1300.0;28557.6
590834;2011;75;Prerov;;;93:03:25;credit;credit in cash;;900.0;900.0
504193;1721;68;Frydek - Mistek;;;93:03:25;credit;credit in cash;;1100.0;1100.0
1486386;5065;66;Zdar nad Sazavou;;;93:03:25;withdrawal;withdrawal in cash;;5000.0;24371.2
205250;697;28;Plzen - sever;;;93:03:25;credit;credit in cash;;2000.0;24267.0
956572;3260;68;Frydek - Mistek;;;93:03:25;credit;credit in cash;;400.0;400.0
963184;3283;68;Frydek - Mistek;;;93:03:26;credit;credit in cash;;300.0;300.0
1779034;6034;6;Kutna Hora;;;93:03:26;credit;credit in cash;;23851.0;24051.0
1736951;5891;54;Brno - mesto;;;93:03:26;withdrawal;withdrawal in cash;;20200.0;41409.6
1106913;3781;31;Tachov;;;93:03:26;credit;credit in cash;;800.0;800.0
144560;485;6;Kutna Hora;;;93:03:26;credit;credit in cash;;49112.0;93768.9
142593;477;1;Hl.m. Praha;;;93:03:26;withdrawal;withdrawal in cash;;4400.0;30297.6
144918;485;6;Kutna Hora;;;93:03:26;VYBER;withdrawal in cash;;5166.0;88602.9
1977575;6701;49;Semily;;;93:03:26;credit;credit in cash;;29082.0;29282.0
1602509;5442;34;Chomutov;;;93:03:26;credit;credit in cash;;34681.0;42632.0
2127306;7203;71;Novy Jicin;;;93:03:26;credit;credit in cash;;900.0;900.0
308090;1050;57;Hodonin;;;93:03:26;withdrawal;withdrawal in cash;;800.0;25517.0
401329;1366;60;Prostejov;;;93:03:26;credit;credit in cash;;5200.0;13726.0
292548;1000;77;Vsetin;;;93:03:26;withdrawal;withdrawal in cash;;19000.0;42418.3
411680;1402;74;Ostrava - mesto;;;93:03:26;credit;credit in cash;;400.0;400.0
656183;2242;7;Melnik;;;93:03:27;withdrawal;withdrawal in cash;;7600.0;36193.0
1779041;6034;6;Kutna Hora;;;93:03:27;credit;credit in cash;;21847.0;45898.0
340701;1157;7;Melnik;;;93:03:27;credit;credit in cash;;700.0;700.0
511639;1750;1;Hl.m. Praha;;;93:03:27;withdrawal;withdrawal in cash;;10100.0;38240.0
311997;1065;72;Olomouc;;;93:03:27;credit;credit in cash;;400.0;400.0
1271140;4347;1;Hl.m. Praha;;;93:03:27;credit;credit in cash;;700.0;700.0
594522;2023;68;Frydek - Mistek;;;93:03:27;withdrawal;withdrawal in cash;;12200.0;37763.7
989752;3374;21;Tabor;;;93:03:27;credit;credit in cash;;9047.0;35631.0
484360;1649;46;Nachod;;;93:03:27;credit;credit in cash;;5500.0;17200.0
168213;562;50;Svitavy;;;93:03:27;credit;credit in cash;;10200.0;14300.0
59200;197;1;Hl.m. Praha;;;93:03:27;credit;credit in cash;;700.0;23218.0
902730;3076;54;Brno - mesto;;;93:03:27;credit;credit in cash;;700.0;700.0
1048368;3586;59;Kromeriz;;;93:03:27;credit;credit in cash;;300.0;300.0
2841111;9403;1;Hl.m. Praha;;;93:03:27;credit;credit in cash;;600.0;600.0
326326;1115;34;Chomutov;;;93:03:27;credit;credit in cash;;300.0;300.0
1579220;5369;54;Brno - mesto;;;93:03:27;credit;credit in cash;;9600.0;16143.0
1911148;6473;12;Pribram;;;93:03:27;withdrawal;withdrawal in cash;;27700.0;50797.0
550085;1874;9;Nymburk;;;93:03:27;credit;credit in cash;;400.0;400.0
1779037;6034;6;Kutna Hora;;;93:03:28;credit;credit in cash;;15436.0;61334.0
783619;2670;13;Rakovnik;;;93:03:28;withdrawal;withdrawal in cash;;10200.0;38272.8
125497;423;12;Pribram;;;93:03:28;credit;credit in cash;;500.0;500.0
148718;496;69;Jesenik;;;93:03:28;credit;credit in cash;;9200.0;15404.0
1614707;5483;13;Rakovnik;;;93:03:28;credit;credit in cash;;1100.0;1100.0
752169;2566;48;Rychnov nad Kneznou;;;93:03:28;credit;credit in cash;;4300.0;15800.0
330948;1127;27;Plzen - jih;;;93:03:28;withdrawal;withdrawal in cash;;14800.0;34271.5
2243131;7401;1;Hl.m. Praha;;;93:03:28;credit;credit in cash;;3700.0;25036.0
55845;187;5;Kolin;;;93:03:28;credit;credit in cash;;200.0;200.0
18391;62;47;Pardubice;;;93:03:28;credit;credit in cash;;1100.0;1100.0
2433;9;70;Karvina;;;93:03:28;credit;credit in cash;;5800.0;18705.4
697;2;1;Hl.m. Praha;;;93:03:28;credit;credit in cash;;3700.0;25036.0
615552;2099;3;Beroun;;;93:03:28;credit;credit in cash;;18946.0;74785.4
1935487;6555;38;Louny;;;93:03:28;credit;credit in cash;;7707.0;60511.0
2524756;8330;48;Rychnov nad Kneznou;;;93:03:28;credit;credit in cash;;600.0;600.0
518381;1771;69;Jesenik;;;93:03:28;credit;credit in cash;;500.0;500.0
537767;1829;43;Hradec Kralove;;;93:03:29;credit;credit in cash;;6700.0;15029.0
1256737;4296;63;Vyskov;;;93:03:29;withdrawal;withdrawal in cash;;7700.0;35165.2
728998;2493;62;Uherske Hradiste;;;93:03:29;credit;credit in cash;;300.0;300.0
726927;2486;1;Hl.m. Praha;;;93:03:29;withdrawal;withdrawal in cash;;7900.0;31120.0
1208401;4134;7;Melnik;;;93:03:29;credit;credit in cash;;7256.0;58184.0
1897316;6425;31;Tachov;;;93:03:29;credit;credit in cash;;700.0;700.0
739839;2527;38;Louny;;;93:03:29;credit;credit in cash;;27331.0;28331.0
2780811;9203;70;Karvina;;;93:03:29;credit;credit in cash;;10400.0;11300.0
851695;2902;32;Ceska Lipa;;;93:03:29;withdrawal;withdrawal in cash;;8700.0;35833.2
106100;361;51;Trutnov;;;93:03:29;credit;credit in cash;;1600.0;25838.0
1730434;5868;44;Chrudim;;;93:03:30;credit;credit in cash;;29849.0;40249.0
1146743;3923;52;Usti nad Orlici;;;93:03:30;credit;credit in cash;;400.0;400.0
1273264;4355;31;Tachov;;;93:03:30;credit;credit in cash;;2793.0;18993.0
1313164;4484;54;Brno - mesto;;;93:03:30;credit;credit in cash;;13764.0;64770.9
656855;2245;29;Rokycany;;;93:03:30;credit;credit in cash;;300.0;300.0
1081628;3693;61;Trebic;;;93:03:30;withdrawal;withdrawal in cash;;5500.0;29596.9
850166;2896;29;Rokycany;;;93:03:30;credit;credit in cash;;400.0;400.0
608428;2070;72;Olomouc;;;93:03:30;withdrawal;withdrawal in cash;;3700.0;28579.0
3562939;982;54;Brno - mesto;;;93:03:31;credit;;interest credited;65.6;18284.3
3565278;1054;10;Praha - vychod;;;93:03:31;credit;;interest credited;25.5;17275.5
3563841;1006;6;Kutna Hora;;;93:03:31;credit;;interest credited;47.4;16084.4
3564255;1019;52;Usti nad Orlici;;;93:03:31;credit;;interest credited;117.6;35243.0
3563771;1005;54;Brno - mesto;;;93:03:31;credit;;interest credited;27.6;29410.6
3563619;1000;77;Vsetin;;;93:03:31;credit;;interest credited;135.2;42553.5
3562799;979;21;Tabor;;;93:03:31;credit;;interest credited;37.8;20151.8
3565091;1050;57;Hodonin;;;93:03:31;credit;;interest credited;20.6;25537.6
695491;2378;16;Jindrichuv Hradec;;;93:03:31;withdrawal;withdrawal in cash;statement;14.6;47697.6
3590885;1830;10;Praha - vychod;;;93:03:31;credit;;interest credited;59.8;20297.8
3590815;1829;43;Hradec Kralove;;;93:03:31;credit;;interest credited;6.1;15035.1
3591351;1843;12;Pribram;;;93:03:31;credit;;interest credited;133.8;40297.8
3591423;1844;44;Chrudim;;;93:03:31;credit;;interest credited;15.6;10269.8
3618639;2666;49;Semily;;;93:03:31;credit;;interest credited;9.4;3510.4
3618819;2670;13;Rakovnik;;;93:03:31;credit;;interest credited;108.0;38380.7
3619031;2676;73;Opava;;;93:03:31;credit;;interest credited;91.2;29639.6
3617492;2632;24;Karlovy Vary;;;93:03:31;credit;;interest credited;168.0;42429.3
3619544;2694;7;Melnik;;;93:03:31;credit;;interest credited;54.1;18339.1
3618042;2647;73;Opava;;;93:03:31;credit;;interest credited;92.1;26157.2
3677723;6701;49;Semily;;;93:03:31;credit;;interest credited;23.6;29305.6
3677024;6555;38;Louny;;;93:03:31;credit;;interest credited;71.5;60582.5
3673341;5891;54;Brno - mesto;;;93:03:31;credit;;interest credited;130.8;41540.4
3438259;562;50;Svitavy;;;93:03:31;credit;;interest credited;14.6;14314.6
3578973;1477;1;Hl.m. Praha;;;93:03:31;credit;;interest credited;13.1;7025.0
3580976;1536;41;Usti nad Labem;;;93:03:31;credit;;interest credited;125.0;39873.9
3579545;1493;41;Usti nad Labem;;;93:03:31;credit;;interest credited;21.7;15283.7
3559277;882;9;Nymburk;;;93:03:31;credit;;interest credited;35.1;11922.1
3558800;866;9;Nymburk;;;93:03:31;credit;;interest credited;166.1;35738.4
3561687;943;1;Hl.m. Praha;;;93:03:31;credit;;interest credited;16.7;7264.5
3559699;890;14;Ceske Budejovice;;;93:03:31;credit;;interest credited;87.2;25592.2
3560979;925;59;Kromeriz;;;93:03:31;credit;;interest credited;21.8;23221.8
3558614;862;64;Zlin;;;93:03:31;credit;;interest credited;294.5;78599.7
3561757;944;70;Karvina;;;93:03:31;credit;;interest credited;56.2;17483.2
1074959;3674;38;Louny;;;93:03:31;credit;credit in cash;;11726.0;12726.0
3453601;6473;12;Pribram;;;93:03:31;credit;;interest credited;191.6;50988.6
3453040;6034;6;Kutna Hora;;;93:03:31;credit;;interest credited;42.4;61376.4
3454412;7231;10;Praha - vychod;;;93:03:31;credit;;interest credited;75.3;62348.3
3452814;5868;44;Chrudim;;;93:03:31;credit;;interest credited;10.8;40259.8
3513203;9640;1;Hl.m. Praha;;;93:03:31;credit;;interest credited;48.8;20254.8
3509923;9307;68;Frydek - Mistek;;;93:03:31;credit;;interest credited;23.0;28627.4
3509733;9265;1;Hl.m. Praha;;;93:03:31;credit;;interest credited;157.9;47354.3
3520589;10364;55;Brno - venkov;;;93:03:31;credit;;interest credited;100.8;29625.1
3575192;1366;60;Prostejov;;;93:03:31;credit;;interest credited;11.1;13737.1
3574569;1338;74;Ostrava - mesto;;;93:03:31;credit;;interest credited;160.0;31135.5
3575626;1378;59;Kromeriz;;;93:03:31;credit;;interest credited;65.2;25584.2
1190946;4078;40;Teplice;;;93:03:31;withdrawal;withdrawal in cash;;12700.0;37712.2
145058;485;6;Kutna Hora;;;93:03:31;withdrawal;withdrawal in cash;statement;100.0;69568.0
144919;485;6;Kutna Hora;;;93:03:31;VYBER;withdrawal in cash;;19168.0;69668.0
3440561;1077;14;Ceske Budejovice;;;93:03:31;credit;;interest credited;5.0;2505.0
3443442;1713;43;Hradec Kralove;;;93:03:31;credit;;interest credited;3.0;1403.0
3654668;3760;44;Chrudim;;;93:03:31;credit;;interest credited;185.5;65920.2
3655624;3787;70;Karvina;;;93:03:31;credit;;interest credited;34.8;23584.8
3657067;3834;54;Brno - mesto;;;93:03:31;credit;;interest credited;99.9;28484.5
3659416;3909;1;Hl.m. Praha;;;93:03:31;credit;;interest credited;126.6;35285.2
3656581;3818;74;Ostrava - mesto;;;93:03:31;credit;;interest credited;178.1;50815.3
3459108;9;70;Karvina;;;93:03:31;credit;;interest credited;54.0;18759.4
3459528;128;2;Benesov;;;93:03:31;credit;;interest credited;18.5;11818.5
3458835;11295;74;Ostrava - mesto;;;93:03:31;credit;;interest credited;106.8;30996.6
3460369;374;38;Louny;;;93:03:31;credit;;interest credited;124.6;33275.1
3456846;9635;70;Karvina;;;93:03:31;credit;;interest credited;20.3;13873.5
3553663;704;55;Brno - venkov;;;93:03:31;credit;;interest credited;159.6;47729.9
3553435;697;28;Plzen - sever;;;93:03:31;credit;;interest credited;22.8;24289.8
3552058;652;21;Tabor;;;93:03:31;credit;;interest credited;158.9;40667.5
3551095;627;63;Vyskov;;;93:03:31;credit;;interest credited;160.9;46220.3
3648723;3593;1;Hl.m. Praha;;;93:03:31;credit;;interest credited;32.1;19919.1
3651536;3674;38;Louny;;;93:03:31;credit;;interest credited;1.7;12727.7
3652282;3693;61;Trebic;;;93:03:31;credit;;interest credited;84.5;29681.4
542077;1843;12;Pribram;;;93:03:31;withdrawal;withdrawal in cash;;8600.0;31697.8
3630423;3026;24;Karlovy Vary;;;93:03:31;credit;;interest credited;39.4;24479.4
3629869;3007;16;Jindrichuv Hradec;;;93:03:31;credit;;interest credited;172.4;46849.1
3663005;4134;7;Melnik;;;93:03:31;credit;;interest credited;110.9;58294.9
3583850;1628;60;Prostejov;;;93:03:31;credit;;interest credited;20.7;13582.8
3585454;1675;36;Liberec;;;93:03:31;credit;;interest credited;22.6;9790.3
3584203;1637;1;Hl.m. Praha;;;93:03:31;credit;;interest credited;25.9;17721.7
3585608;1678;1;Hl.m. Praha;;;93:03:31;credit;;interest credited;24.9;23140.8
3587930;1750;1;Hl.m. Praha;;;93:03:31;credit;;interest credited;107.7;38347.7
3589601;1801;46;Nachod;;;93:03:31;credit;;interest credited;166.9;68483.8
3586193;1695;76;Sumperk;;;93:03:31;credit;;interest credited;50.1;24871.1
3587147;1726;48;Rychnov nad Kneznou;;;93:03:31;credit;;interest credited;173.5;46022.7
3615839;2581;72;Olomouc;;;93:03:31;credit;;interest credited;51.5;20204.5
3614523;2543;68;Frydek - Mistek;;;93:03:31;credit;;interest credited;30.2;13442.4
3615043;2555;53;Blansko;;;93:03:31;credit;;interest credited;59.5;20181.5
3613965;2527;38;Louny;;;93:03:31;credit;;interest credited;11.4;28342.4
3615570;2574;68;Frydek - Mistek;;;93:03:31;credit;;interest credited;110.6;32787.6
3643351;3424;74;Ostrava - mesto;;;93:03:31;credit;;interest credited;187.8;34923.5
3449864;4034;1;Hl.m. Praha;;;93:03:31;credit;;interest credited;70.4;21954.1
3449098;3374;21;Tabor;;;93:03:31;credit;;interest credited;52.5;35683.5
3451812;5369;54;Brno - mesto;;;93:03:31;credit;;interest credited;10.8;16153.8
3449457;3734;43;Hradec Kralove;;;93:03:31;credit;;interest credited;18.4;5957.4
3508711;9188;45;Jicin;;;93:03:31;credit;;interest credited;48.6;17258.6
3495772;8051;1;Hl.m. Praha;;;93:03:31;credit;;interest credited;79.0;25619.0
3549100;559;46;Nachod;;;93:03:31;credit;;interest credited;14.4;5986.4
3549615;576;55;Brno - venkov;;;93:03:31;credit;;interest credited;29.6;19600.3
3546999;496;69;Jesenik;;;93:03:31;credit;;interest credited;8.3;15412.3
3546685;485;6;Kutna Hora;;;93:03:31;credit;;interest credited;233.1;88836.0
3600405;2122;68;Frydek - Mistek;;;93:03:31;credit;;interest credited;279.3;74404.3
3598962;2070;72;Olomouc;;;93:03:31;credit;;interest credited;86.2;28665.2
3600536;2124;69;Jesenik;;;93:03:31;credit;;interest credited;32.3;24063.3
3599469;2087;7;Melnik;;;93:03:31;credit;;interest credited;141.7;27771.1
1313339;4484;54;Brno - mesto;;;93:03:31;withdrawal;withdrawal in cash;statement;14.6;64955.4
3468307;4078;40;Teplice;;;93:03:31;credit;;interest credited;140.2;50412.2
3468212;4055;23;Cheb;;;93:03:31;credit;;interest credited;110.1;36293.2
3466391;3554;66;Zdar nad Sazavou;;;93:03:31;credit;;interest credited;174.4;34657.3
3467903;3983;67;Bruntal;;;93:03:31;credit;;interest credited;115.3;30120.4
3467518;3883;72;Olomouc;;;93:03:31;credit;;interest credited;2.3;1202.3
3466051;3510;41;Usti nad Labem;;;93:03:31;credit;;interest credited;99.3;22169.5
3448085;2585;75;Prerov;;;93:03:31;credit;;interest credited;115.5;35279.5
3447023;1539;1;Hl.m. Praha;;;93:03:31;credit;;interest credited;234.3;43221.9
3444294;2099;3;Beroun;;;93:03:31;credit;;interest credited;237.1;75022.5
3444482;5065;66;Zdar nad Sazavou;;;93:03:31;credit;;interest credited;122.3;24493.5
3463245;2714;1;Hl.m. Praha;;;93:03:31;credit;;interest credited;37.3;14237.3
3604123;2241;6;Kutna Hora;;;93:03:31;credit;;interest credited;60.6;20544.6
3602140;2177;62;Uherske Hradiste;;;93:03:31;credit;;interest credited;24.7;16239.8
3604750;2256;48;Rychnov nad Kneznou;;;93:03:31;credit;;interest credited;22.6;10193.5
3604193;2242;7;Melnik;;;93:03:31;credit;;interest credited;24.3;36217.3
72142;239;69;Jesenik;;;93:03:31;credit;credit in cash;;14500.0;14802.0
3542486;361;51;Trutnov;;;93:03:31;credit;;interest credited;10.4;25848.4
3541136;322;1;Hl.m. Praha;;;93:03:31;credit;;interest credited;28.6;21274.5
3540919;317;76;Sumperk;;;93:03:31;credit;;interest credited;2.4;6724.4
3539844;280;25;Klatovy;;;93:03:31;credit;;interest credited;84.7;25590.1
3542019;346;37;Litomerice;;;93:03:31;credit;;interest credited;123.9;34155.9
615714;2099;3;Beroun;;;93:03:31;withdrawal;withdrawal in cash;statement;30.0;74992.5
3567645;1127;27;Plzen - jih;;;93:03:31;credit;;interest credited;111.8;34383.3
3567898;1132;1;Hl.m. Praha;;;93:03:31;credit;;interest credited;317.2;85859.3
3568030;1134;6;Kutna Hora;;;93:03:31;credit;;interest credited;58.1;20628.1
3594126;1926;37;Litomerice;;;93:03:31;credit;;interest credited;98.7;26788.3
3595508;1966;27;Plzen - jih;;;93:03:31;credit;;interest credited;121.2;34703.1
3594799;1944;72;Olomouc;;;93:03:31;credit;;interest credited;52.5;21732.5
3595785;1972;77;Vsetin;;;93:03:31;credit;;interest credited;23.7;16360.6
3597519;2023;68;Frydek - Mistek;;;93:03:31;credit;;interest credited;117.7;37881.4
3647081;3545;51;Trutnov;;;93:03:31;credit;;interest credited;39.3;22542.3
3648653;3592;54;Brno - mesto;;;93:03:31;credit;;interest credited;27.5;18695.6
3645343;3487;41;Usti nad Labem;;;93:03:31;credit;;interest credited;174.8;46871.4
3646119;3513;20;Strakonice;;;93:03:31;credit;;interest credited;47.4;19625.4
3646190;3514;7;Melnik;;;93:03:31;credit;;interest credited;16.7;7427.8
3554905;744;42;Havlickuv Brod;;;93:03:31;credit;;interest credited;15.7;6155.7
3556399;793;47;Pardubice;;;93:03:31;credit;;interest credited;17.5;11053.2
3555840;772;45;Jicin;;;93:03:31;credit;;interest credited;115.0;35465.0
3557499;830;74;Ostrava - mesto;;;93:03:31;credit;;interest credited;56.0;18979.0
3556863;813;16;Jindrichuv Hradec;;;93:03:31;credit;;interest credited;89.9;26233.4
3537489;212;27;Plzen - jih;;;93:03:31;credit;;interest credited;175.3;55107.3
3538537;239;69;Jesenik;;;93:03:31;credit;;interest credited;2.0;302.0
3538741;244;24;Karlovy Vary;;;93:03:31;credit;;interest credited;44.0;14916.0
3536970;197;1;Hl.m. Praha;;;93:03:31;credit;;interest credited;15.6;23233.6
1450033;4937;12;Pribram;;;93:03:31;credit;credit in cash;;39348.0;95916.2
3607857;2357;19;Prachatice;;;93:03:31;credit;;interest credited;30.1;20181.7
3608665;2379;44;Chrudim;;;93:03:31;credit;;interest credited;89.5;22389.4
3608594;2378;16;Jindrichuv Hradec;;;93:03:31;credit;;interest credited;209.4;47712.2
3609129;2393;10;Praha - vychod;;;93:03:31;credit;;interest credited;136.4;36360.3
797026;2714;1;Hl.m. Praha;;;93:03:31;credit;credit in cash;;7700.0;21937.3
3610582;2434;17;Pelhrimov;;;93:03:31;credit;;interest credited;61.1;20055.7
3612223;2486;1;Hl.m. Praha;;;93:03:31;credit;;interest credited;12.5;31132.5
3612400;2489;72;Olomouc;;;93:03:31;credit;;interest credited;16.2;6697.2
3611045;2453;1;Hl.m. Praha;;;93:03:31;credit;;interest credited;9.4;3694.4
3610111;2425;41;Usti nad Labem;;;93:03:31;credit;;interest credited;82.9;26011.5
3610369;2429;61;Trebic;;;93:03:31;credit;;interest credited;65.5;20374.5
3612141;2484;74;Ostrava - mesto;;;93:03:31;credit;;interest credited;169.1;43166.3
3639846;3302;21;Tabor;;;93:03:31;credit;;interest credited;11.0;3719.0
3671895;5622;70;Karvina;;;93:03:31;credit;;interest credited;272.6;86645.8
3670835;5442;34;Chomutov;;;93:03:31;credit;;interest credited;35.4;42667.4
3669816;5270;44;Chrudim;;;93:03:31;credit;;interest credited;259.3;49085.0
3667904;4937;12;Pribram;;;93:03:31;credit;;interest credited;203.5;56568.2
3492041;7753;74;Ostrava - mesto;;;93:03:31;credit;;interest credited;263.8;79603.4
3479190;9188;45;Jicin;;;93:03:31;credit;;interest credited;50.9;17309.5
3487888;7401;1;Hl.m. Praha;;;93:03:31;credit;;interest credited;13.5;25049.5
3479718;9265;1;Hl.m. Praha;;;93:03:31;credit;;interest credited;183.5;47196.4
3479818;9307;68;Frydek - Mistek;;;93:03:31;credit;;interest credited;46.8;28604.4
3546415;477;1;Hl.m. Praha;;;93:03:31;credit;;interest credited;85.9;30383.5
3543740;401;32;Ceska Lipa;;;93:03:31;credit;;interest credited;92.0;26260.1
3545700;456;49;Semily;;;93:03:31;credit;;interest credited;183.3;56696.2
3544122;411;70;Karvina;;;93:03:31;credit;;interest credited;130.6;40466.8
3546053;465;32;Ceska Lipa;;;93:03:31;credit;;interest credited;122.1;33236.3
3544290;415;25;Klatovy;;;93:03:31;credit;;interest credited;43.6;13553.6
3572390;1276;36;Liberec;;;93:03:31;credit;;interest credited;117.4;29346.8
3621883;2762;19;Prachatice;;;93:03:31;credit;;interest credited;29.0;30889.0
3621953;2763;64;Zlin;;;93:03:31;credit;;interest credited;154.9;47075.9
3534202;112;6;Kutna Hora;;;93:03:31;credit;;interest credited;17.3;6799.3
3533395;86;54;Brno - mesto;;;93:03:31;credit;;interest credited;11.4;4054.4
3533622;96;68;Frydek - Mistek;;;93:03:31;credit;;interest credited;54.6;33875.6
3470806;4484;54;Brno - mesto;;;93:03:31;credit;;interest credited;199.1;64970.0
3469152;4240;50;Svitavy;;;93:03:31;credit;;interest credited;157.1;41777.1
3469666;4296;63;Vyskov;;;93:03:31;credit;;interest credited;105.0;35270.2
3470161;4355;31;Tachov;;;93:03:31;credit;;interest credited;22.8;19015.8
3528744;11265;15;Cesky Krumlov;;;93:03:31;credit;;interest credited;92.4;25372.3
3526804;11013;1;Hl.m. Praha;;;93:03:31;credit;;interest credited;77.1;35921.1
3529065;11295;74;Ostrava - mesto;;;93:03:31;credit;;interest credited;37.3;30889.8
3530483;2;1;Hl.m. Praha;;;93:03:31;credit;;interest credited;13.5;25049.5
3627198;2926;50;Svitavy;;;93:03:31;credit;;interest credited;97.2;26013.2
3626255;2895;19;Prachatice;;;93:03:31;credit;;interest credited;44.6;18490.6
3625864;2884;1;Hl.m. Praha;;;93:03:31;credit;;interest credited;68.7;21107.2
3628745;2970;60;Prostejov;;;93:03:31;credit;;interest credited;87.6;24926.7
3627127;2925;1;Hl.m. Praha;;;93:03:31;credit;;interest credited;108.3;27736.7
3626471;2902;32;Ceska Lipa;;;93:03:31;credit;;interest credited;105.9;35939.2
3625749;2881;70;Karvina;;;93:03:31;credit;;interest credited;115.0;31476.7
